{"name":"1. New credit application Emma AW uat","id":"emma-new-client-aw-uat;1.-new-credit-application-emma-aw-uat","scenarioId":"emma/aw/Regression:1. New credit application Emma AW uat","methodName":"1. New credit application Emma AW uat","testSteps":[{"number":1,"description":"1: 1. New credit application Emma AW uat ({country\u003dAruba, store\u003dOPL AW Mega, typeId\u003dNational ID CARD, documentId\u003d40.34.50.95, firstName\u003dJhon, secondName\u003dCena, firstLastName\u003ddeeper, secondLastName\u003dCartagena, numberMovil\u003d72723331, email\u003dr@g.c, birthDate\u003d1990-MEI-7, gender\u003dMale, dependsNumber\u003d0, marriedStatus\u003dMarried, address\u003dThis is the address 10, frecuencyPaid\u003dWeekly, income\u003d150000, occupation\u003dBusiness Owner, bankendMonths\u003d48, jobMainActivity\u003dSalary, department\u003dParadera, district\u003dAyo, residentStatus\u003dOwner, monthsHome\u003d90, employStartDate\u003d2020-MEI-7, streetResidence\u003dStreet 0401, referenceResidence\u003dStreet 3421, residenceStartDate\u003d2020-MEI-7})","duration":357030,"startTime":"2024-02-23T13:02:37.188906-03:00[America/Santiago]","screenshots":[{"screenshot":"4511743a0e082dc19576d2ffd0182f82c048c91c4ac5a53f0a7f923d80a8da3f.png","timeStamp":1708704514219,"screenshotName":"4511743a0e082dc19576d2ffd0182f82c048c91c4ac5a53f0a7f923d80a8da3f.png"}],"result":"SUCCESS","precondition":false,"level":0,"lineNumber":16,"children":[{"number":2,"description":"Given DataTable customer data\n| typeId | documentId | firstName | secondName | firstLastName | secondLastName | numberMovil | email | birthDate | gender | dependsNumber | marriedStatus | address | frecuencyPaid | income | occupation | bankendMonths | jobMainActivity | department | district | residentStatus | monthsHome | employStartDate | store | streetResidence | referenceResidence | residenceStartDate |\n| National ID CARD | 40.34.50.95 | Jhon | Cena | deeper | Cartagena | 72723331 | r@g.c | 1990-MEI-7 | Male | 0 | Married | This is the address 10 | Weekly | 150000 | Business Owner | 48 | Salary | Paradera | Ayo | Owner | 90 | 2020-MEI-7 | OPL AW Mega | Street 0401 | Street 3421 | 2020-MEI-7 |","duration":555,"startTime":"2024-02-23T13:02:43.074990-03:00[America/Santiago]","screenshots":[{"screenshot":"f1077c06f1ce807061ef29b24b250566980de20cbb0f216dd8a48bc4acedba18.png","htmlSource":"pagesource14819752540511464615.html","timeStamp":1708704163440,"screenshotName":"f1077c06f1ce807061ef29b24b250566980de20cbb0f216dd8a48bc4acedba18.png"}],"result":"SUCCESS","precondition":false,"level":1},{"number":3,"description":"Given the user into uat EMMA \"Aruba\" with the credentials existent","duration":86153,"startTime":"2024-02-23T13:02:43.632117-03:00[America/Santiago]","screenshots":[{"screenshot":"f1077c06f1ce807061ef29b24b250566980de20cbb0f216dd8a48bc4acedba18.png","htmlSource":"pagesource12370913155520907819.html","timeStamp":1708704163645,"screenshotName":"f1077c06f1ce807061ef29b24b250566980de20cbb0f216dd8a48bc4acedba18.png"},{"screenshot":"f8893b7a8f8103f032a06448069e433515b83599d24f4b707d798e4cfecf2cd3.png","timeStamp":1708704249785,"screenshotName":"f8893b7a8f8103f032a06448069e433515b83599d24f4b707d798e4cfecf2cd3.png"}],"result":"SUCCESS","precondition":false,"level":1,"children":[{"number":4,"description":"Admin navigate","duration":85939,"startTime":"2024-02-23T13:02:43.822455-03:00[America/Santiago]","screenshots":[{"screenshot":"f1077c06f1ce807061ef29b24b250566980de20cbb0f216dd8a48bc4acedba18.png","htmlSource":"pagesource8278939063637486020.html","timeStamp":1708704164010,"screenshotName":"f1077c06f1ce807061ef29b24b250566980de20cbb0f216dd8a48bc4acedba18.png"},{"screenshot":"f8893b7a8f8103f032a06448069e433515b83599d24f4b707d798e4cfecf2cd3.png","timeStamp":1708704249761,"screenshotName":"f8893b7a8f8103f032a06448069e433515b83599d24f4b707d798e4cfecf2cd3.png"}],"result":"SUCCESS","precondition":false,"level":2,"children":[{"number":5,"description":"admin opens the browser at https://credits-uat.unicomer.com/","duration":27007,"startTime":"2024-02-23T13:02:44.024200-03:00[America/Santiago]","screenshots":[{"screenshot":"f1077c06f1ce807061ef29b24b250566980de20cbb0f216dd8a48bc4acedba18.png","htmlSource":"pagesource1735468258612342057.html","timeStamp":1708704164045,"screenshotName":"f1077c06f1ce807061ef29b24b250566980de20cbb0f216dd8a48bc4acedba18.png"},{"screenshot":"ea027e881591682d174723ad99c973f6df16d3dbecaeae29f6ff5b2c3f2eb768.png","timeStamp":1708704191031,"screenshotName":"ea027e881591682d174723ad99c973f6df16d3dbecaeae29f6ff5b2c3f2eb768.png"}],"result":"SUCCESS","precondition":false,"level":3},{"number":6,"description":"admin clicks on BUTTON LOGIN","duration":6049,"startTime":"2024-02-23T13:03:11.048531-03:00[America/Santiago]","screenshots":[{"screenshot":"ea027e881591682d174723ad99c973f6df16d3dbecaeae29f6ff5b2c3f2eb768.png","htmlSource":"pagesource45223067256602327.html","timeStamp":1708704191212,"screenshotName":"ea027e881591682d174723ad99c973f6df16d3dbecaeae29f6ff5b2c3f2eb768.png"},{"screenshot":"f1077c06f1ce807061ef29b24b250566980de20cbb0f216dd8a48bc4acedba18.png","timeStamp":1708704197097,"screenshotName":"f1077c06f1ce807061ef29b24b250566980de20cbb0f216dd8a48bc4acedba18.png"}],"result":"SUCCESS","precondition":false,"level":3},{"number":7,"description":"admin enters \u0027ventas_evaluacioncreditojm@unicomer.com\u0027 into ENTER THE USER","duration":6662,"startTime":"2024-02-23T13:03:17.117176-03:00[America/Santiago]","screenshots":[{"screenshot":"f1077c06f1ce807061ef29b24b250566980de20cbb0f216dd8a48bc4acedba18.png","htmlSource":"pagesource9083456356204105338.html","timeStamp":1708704197149,"screenshotName":"f1077c06f1ce807061ef29b24b250566980de20cbb0f216dd8a48bc4acedba18.png"},{"screenshot":"0a101718019e23d5aab23b75bfa58de3cb56b740e1022cbb28e3459a9e262f06.png","timeStamp":1708704203779,"screenshotName":"0a101718019e23d5aab23b75bfa58de3cb56b740e1022cbb28e3459a9e262f06.png"}],"result":"SUCCESS","precondition":false,"level":3},{"number":8,"description":"admin clicks on BUTTON SUBMIT","duration":1211,"startTime":"2024-02-23T13:03:23.791103-03:00[America/Santiago]","screenshots":[{"screenshot":"0a101718019e23d5aab23b75bfa58de3cb56b740e1022cbb28e3459a9e262f06.png","htmlSource":"pagesource11915743583268752299.html","timeStamp":1708704203846,"screenshotName":"0a101718019e23d5aab23b75bfa58de3cb56b740e1022cbb28e3459a9e262f06.png"},{"screenshot":"93bacabe69d70af0ce96c02ce56a759962df69150fb00cf4ec1f20226e66c80c.png","timeStamp":1708704205002,"screenshotName":"93bacabe69d70af0ce96c02ce56a759962df69150fb00cf4ec1f20226e66c80c.png"}],"result":"SUCCESS","precondition":false,"level":3},{"number":9,"description":"admin enters \u0027Unicomer23\u0027 into ENTER THE PASSWORD","duration":1816,"startTime":"2024-02-23T13:03:25.006053-03:00[America/Santiago]","screenshots":[{"screenshot":"93bacabe69d70af0ce96c02ce56a759962df69150fb00cf4ec1f20226e66c80c.png","htmlSource":"pagesource5188841901159380718.html","timeStamp":1708704205071,"screenshotName":"93bacabe69d70af0ce96c02ce56a759962df69150fb00cf4ec1f20226e66c80c.png"},{"screenshot":"476705b3ca04edad59d0d3ad289b19905e30e1fc1f7c3878702e2142a31e3574.png","timeStamp":1708704206822,"screenshotName":"476705b3ca04edad59d0d3ad289b19905e30e1fc1f7c3878702e2142a31e3574.png"}],"result":"SUCCESS","precondition":false,"level":3},{"number":10,"description":"admin clicks on BUTTON SUBMIT","duration":9407,"startTime":"2024-02-23T13:03:26.826269-03:00[America/Santiago]","screenshots":[{"screenshot":"476705b3ca04edad59d0d3ad289b19905e30e1fc1f7c3878702e2142a31e3574.png","htmlSource":"pagesource8163653683888304742.html","timeStamp":1708704206849,"screenshotName":"476705b3ca04edad59d0d3ad289b19905e30e1fc1f7c3878702e2142a31e3574.png"},{"screenshot":"03a88793e2fa33fd2d74a96491d666d411cf705607ac4d7ceb9a68a3cab96a54.png","timeStamp":1708704216233,"screenshotName":"03a88793e2fa33fd2d74a96491d666d411cf705607ac4d7ceb9a68a3cab96a54.png"}],"result":"SUCCESS","precondition":false,"level":3},{"number":11,"description":"admin clicks on BUTTON NOT ACTIVE","duration":4901,"startTime":"2024-02-23T13:03:44.258337-03:00[America/Santiago]","screenshots":[{"screenshot":"03a88793e2fa33fd2d74a96491d666d411cf705607ac4d7ceb9a68a3cab96a54.png","htmlSource":"pagesource10503921629651854918.html","timeStamp":1708704224465,"screenshotName":"03a88793e2fa33fd2d74a96491d666d411cf705607ac4d7ceb9a68a3cab96a54.png"},{"screenshot":"f1077c06f1ce807061ef29b24b250566980de20cbb0f216dd8a48bc4acedba18.png","timeStamp":1708704229159,"screenshotName":"f1077c06f1ce807061ef29b24b250566980de20cbb0f216dd8a48bc4acedba18.png"}],"result":"SUCCESS","precondition":false,"level":3}]}]},{"number":12,"description":"And select the country uat emma and select \"OPL AW Mega\"","duration":46143,"startTime":"2024-02-23T13:04:09.786708-03:00[America/Santiago]","screenshots":[{"screenshot":"f8893b7a8f8103f032a06448069e433515b83599d24f4b707d798e4cfecf2cd3.png","htmlSource":"pagesource4376100580331585097.html","timeStamp":1708704255957,"screenshotName":"f8893b7a8f8103f032a06448069e433515b83599d24f4b707d798e4cfecf2cd3.png"},{"screenshot":"f1077c06f1ce807061ef29b24b250566980de20cbb0f216dd8a48bc4acedba18.png","timeStamp":1708704295930,"screenshotName":"f1077c06f1ce807061ef29b24b250566980de20cbb0f216dd8a48bc4acedba18.png"}],"result":"SUCCESS","precondition":false,"level":1,"children":[{"number":13,"description":"Admin select country","duration":39959,"startTime":"2024-02-23T13:04:15.965217-03:00[America/Santiago]","screenshots":[{"screenshot":"27fd54e62a3f8a87270ad308da903b9297eb6aff307bcb48f1872e00cf244cf5.png","htmlSource":"pagesource10287975273124450345.html","timeStamp":1708704256454,"screenshotName":"27fd54e62a3f8a87270ad308da903b9297eb6aff307bcb48f1872e00cf244cf5.png"},{"screenshot":"f1077c06f1ce807061ef29b24b250566980de20cbb0f216dd8a48bc4acedba18.png","timeStamp":1708704295925,"screenshotName":"f1077c06f1ce807061ef29b24b250566980de20cbb0f216dd8a48bc4acedba18.png"}],"result":"SUCCESS","precondition":false,"level":2,"children":[{"number":14,"description":"admin clicks on ALERT COUNTRY","duration":2434,"startTime":"2024-02-23T13:04:24.471944-03:00[America/Santiago]","screenshots":[{"screenshot":"33e0204b226a0fe99924cd318a62d3ab1f359affad3d7162f699c10d001616ae.png","htmlSource":"pagesource14334464598117394625.html","timeStamp":1708704264684,"screenshotName":"33e0204b226a0fe99924cd318a62d3ab1f359affad3d7162f699c10d001616ae.png"},{"screenshot":"15c14d372c46c550df87cfb1c5030b13ec25af3d38d002949f34fedc1d4d6e2d.png","timeStamp":1708704266906,"screenshotName":"15c14d372c46c550df87cfb1c5030b13ec25af3d38d002949f34fedc1d4d6e2d.png"}],"result":"SUCCESS","precondition":false,"level":3},{"number":15,"description":"admin clicks on ALERT STORE","duration":1738,"startTime":"2024-02-23T13:04:30.838945-03:00[America/Santiago]","screenshots":[{"screenshot":"44baeee2753b1048de12cb6cf0424f81c8650dd4018d206120142a8230fba6c9.png","htmlSource":"pagesource9429359405877833601.html","timeStamp":1708704271222,"screenshotName":"44baeee2753b1048de12cb6cf0424f81c8650dd4018d206120142a8230fba6c9.png"},{"screenshot":"5ca7195a435c57f9a81b138ddf2508bdd04a6b115d549af323cc0840b80692bf.png","timeStamp":1708704272577,"screenshotName":"5ca7195a435c57f9a81b138ddf2508bdd04a6b115d549af323cc0840b80692bf.png"}],"result":"SUCCESS","precondition":false,"level":3},{"number":16,"description":"admin clicks on BUTTON CONTINUE JM","duration":2575,"startTime":"2024-02-23T13:04:43.462188-03:00[America/Santiago]","screenshots":[{"screenshot":"d496d2dd01dc00635216e4fb3295d2cbfd25126c39be5179b9052f423ad51ca3.png","htmlSource":"pagesource5280387850282677794.html","timeStamp":1708704283689,"screenshotName":"d496d2dd01dc00635216e4fb3295d2cbfd25126c39be5179b9052f423ad51ca3.png"},{"screenshot":"cb243738f344d8db3196b81572e60225478f243bb2a2fc2918791a404587410b.png","timeStamp":1708704286037,"screenshotName":"cb243738f344d8db3196b81572e60225478f243bb2a2fc2918791a404587410b.png"}],"result":"SUCCESS","precondition":false,"level":3}]}]},{"number":17,"description":"When admin user try to create new client aw","duration":24283,"startTime":"2024-02-23T13:04:55.931046-03:00[America/Santiago]","screenshots":[{"screenshot":"f1077c06f1ce807061ef29b24b250566980de20cbb0f216dd8a48bc4acedba18.png","htmlSource":"pagesource12859587815798702052.html","timeStamp":1708704295943,"screenshotName":"f1077c06f1ce807061ef29b24b250566980de20cbb0f216dd8a48bc4acedba18.png"},{"screenshot":"6e59e3aa0b871d117508664b2020c6b1275c3bdca886eddbd27b3f58aec34541.png","timeStamp":1708704320214,"screenshotName":"6e59e3aa0b871d117508664b2020c6b1275c3bdca886eddbd27b3f58aec34541.png"}],"result":"SUCCESS","precondition":false,"level":1,"children":[{"number":18,"description":"Admin fillout document information","duration":24259,"startTime":"2024-02-23T13:04:55.949181-03:00[America/Santiago]","screenshots":[{"screenshot":"f1077c06f1ce807061ef29b24b250566980de20cbb0f216dd8a48bc4acedba18.png","htmlSource":"pagesource7916853024962219503.html","timeStamp":1708704295972,"screenshotName":"f1077c06f1ce807061ef29b24b250566980de20cbb0f216dd8a48bc4acedba18.png"},{"screenshot":"6e59e3aa0b871d117508664b2020c6b1275c3bdca886eddbd27b3f58aec34541.png","timeStamp":1708704320208,"screenshotName":"6e59e3aa0b871d117508664b2020c6b1275c3bdca886eddbd27b3f58aec34541.png"}],"result":"SUCCESS","precondition":false,"level":2,"children":[{"number":19,"description":"admin clicks on ALERT COUNTRY","duration":3868,"startTime":"2024-02-23T13:04:58.979733-03:00[America/Santiago]","screenshots":[{"screenshot":"dc8f4b48920e8f72c7c894181cb74d399a4e32e566324e773a7a8703b405850d.png","htmlSource":"pagesource11566457009386962554.html","timeStamp":1708704300676,"screenshotName":"dc8f4b48920e8f72c7c894181cb74d399a4e32e566324e773a7a8703b405850d.png"},{"screenshot":"45c6c1342d7a8c4d43afd7df5d83c7fcf03827a2fb3cfe5b25881d155f714262.png","timeStamp":1708704302848,"screenshotName":"45c6c1342d7a8c4d43afd7df5d83c7fcf03827a2fb3cfe5b25881d155f714262.png"}],"result":"SUCCESS","precondition":false,"level":3},{"number":20,"description":"admin enters \u002740.34.50.95\u0027 into INSERT DOCUMENT","duration":2521,"startTime":"2024-02-23T13:05:04.542549-03:00[America/Santiago]","screenshots":[{"screenshot":"b3760c03ebeb348b5adbdce8a025be632f596a22959faddfa03bb8d768d581e8.png","htmlSource":"pagesource12317058635835305880.html","timeStamp":1708704304748,"screenshotName":"b3760c03ebeb348b5adbdce8a025be632f596a22959faddfa03bb8d768d581e8.png"},{"screenshot":"f5a23abcf2a2c20e25bebe710f63724356061f1891339a7333b2ee7b90c34085.png","timeStamp":1708704307064,"screenshotName":"f5a23abcf2a2c20e25bebe710f63724356061f1891339a7333b2ee7b90c34085.png"}],"result":"SUCCESS","precondition":false,"level":3},{"number":21,"description":"admin clicks on BUTTON SEARCH CUSTOMER","duration":1184,"startTime":"2024-02-23T13:05:07.067562-03:00[America/Santiago]","screenshots":[{"screenshot":"f5a23abcf2a2c20e25bebe710f63724356061f1891339a7333b2ee7b90c34085.png","htmlSource":"pagesource5132795572250373659.html","timeStamp":1708704307113,"screenshotName":"f5a23abcf2a2c20e25bebe710f63724356061f1891339a7333b2ee7b90c34085.png"},{"screenshot":"5ebd44aefe145693a7cd7f445bb7e2ebf02fd0ab5b41b0cf75131cf8855c0bc1.png","timeStamp":1708704308252,"screenshotName":"5ebd44aefe145693a7cd7f445bb7e2ebf02fd0ab5b41b0cf75131cf8855c0bc1.png"}],"result":"SUCCESS","precondition":false,"level":3},{"number":22,"description":"admin clicks on BUTTON START APPLICATION","duration":11944,"startTime":"2024-02-23T13:05:08.258029-03:00[America/Santiago]","screenshots":[{"screenshot":"5ebd44aefe145693a7cd7f445bb7e2ebf02fd0ab5b41b0cf75131cf8855c0bc1.png","htmlSource":"pagesource12718350310069531188.html","timeStamp":1708704308288,"screenshotName":"5ebd44aefe145693a7cd7f445bb7e2ebf02fd0ab5b41b0cf75131cf8855c0bc1.png"},{"screenshot":"6e59e3aa0b871d117508664b2020c6b1275c3bdca886eddbd27b3f58aec34541.png","timeStamp":1708704320202,"screenshotName":"6e59e3aa0b871d117508664b2020c6b1275c3bdca886eddbd27b3f58aec34541.png"}],"result":"SUCCESS","precondition":false,"level":3}]}]},{"number":23,"description":"When admin user enter basic information from the client aw","duration":188056,"startTime":"2024-02-23T13:05:20.215300-03:00[America/Santiago]","screenshots":[{"screenshot":"6e59e3aa0b871d117508664b2020c6b1275c3bdca886eddbd27b3f58aec34541.png","htmlSource":"pagesource12648435165906883183.html","timeStamp":1708704320240,"screenshotName":"6e59e3aa0b871d117508664b2020c6b1275c3bdca886eddbd27b3f58aec34541.png"},{"screenshot":"4511743a0e082dc19576d2ffd0182f82c048c91c4ac5a53f0a7f923d80a8da3f.png","timeStamp":1708704508271,"screenshotName":"4511743a0e082dc19576d2ffd0182f82c048c91c4ac5a53f0a7f923d80a8da3f.png"}],"result":"SUCCESS","precondition":false,"level":1,"children":[{"number":24,"description":"Admin client basic info","duration":72379,"startTime":"2024-02-23T13:05:20.246373-03:00[America/Santiago]","screenshots":[{"screenshot":"6e59e3aa0b871d117508664b2020c6b1275c3bdca886eddbd27b3f58aec34541.png","htmlSource":"pagesource14404660980780560295.html","timeStamp":1708704320271,"screenshotName":"6e59e3aa0b871d117508664b2020c6b1275c3bdca886eddbd27b3f58aec34541.png"},{"screenshot":"c872dcfeec91d49e5d99690356c02bd96cf7f237926668631f1b4d3d19319781.png","timeStamp":1708704392625,"screenshotName":"c872dcfeec91d49e5d99690356c02bd96cf7f237926668631f1b4d3d19319781.png"}],"result":"SUCCESS","precondition":false,"level":2,"children":[{"number":25,"description":"Admin write into","duration":13057,"startTime":"2024-02-23T13:05:35.308291-03:00[America/Santiago]","screenshots":[{"screenshot":"ee208e4280b1570d2b5a576cd8f7b472ba1f925d036c0a8d521512dfdd89ad29.png","htmlSource":"pagesource17571944575394300068.html","timeStamp":1708704345896,"screenshotName":"ee208e4280b1570d2b5a576cd8f7b472ba1f925d036c0a8d521512dfdd89ad29.png"},{"screenshot":"58f61b0d84ed55f7412240b13eee4a1fd0631d923d1b0194b78cc2c0fa153dd7.png","timeStamp":1708704348365,"screenshotName":"58f61b0d84ed55f7412240b13eee4a1fd0631d923d1b0194b78cc2c0fa153dd7.png"}],"result":"SUCCESS","precondition":false,"level":3,"children":[{"number":26,"description":"admin enters \u0027Jhon\u0027 into INPUT NAME AW","duration":2095,"startTime":"2024-02-23T13:05:45.903973-03:00[America/Santiago]","screenshots":[{"screenshot":"acbd50dee96bdb153b50bc05479379684211c8ce1142349311bc6349516ef381.png","htmlSource":"pagesource9759917088786285563.html","timeStamp":1708704346420,"screenshotName":"acbd50dee96bdb153b50bc05479379684211c8ce1142349311bc6349516ef381.png"},{"screenshot":"58f61b0d84ed55f7412240b13eee4a1fd0631d923d1b0194b78cc2c0fa153dd7.png","timeStamp":1708704347999,"screenshotName":"58f61b0d84ed55f7412240b13eee4a1fd0631d923d1b0194b78cc2c0fa153dd7.png"}],"result":"SUCCESS","precondition":false,"level":4}]},{"number":27,"description":"admin enters \u0027Cena\u0027 into INPUT THE CLIENT SECOND NAME","duration":430,"startTime":"2024-02-23T13:05:48.368883-03:00[America/Santiago]","screenshots":[{"screenshot":"58f61b0d84ed55f7412240b13eee4a1fd0631d923d1b0194b78cc2c0fa153dd7.png","htmlSource":"pagesource15148725933945690811.html","timeStamp":1708704348399,"screenshotName":"58f61b0d84ed55f7412240b13eee4a1fd0631d923d1b0194b78cc2c0fa153dd7.png"},{"screenshot":"ac16d67a4c6cc426a34d732b5150304fbb3a9b020a496b83d04e60435a07789d.png","timeStamp":1708704348799,"screenshotName":"ac16d67a4c6cc426a34d732b5150304fbb3a9b020a496b83d04e60435a07789d.png"}],"result":"SUCCESS","precondition":false,"level":3},{"number":28,"description":"admin enters \u0027deeper\u0027 into INPUT THE LAST NAME","duration":625,"startTime":"2024-02-23T13:05:49.803258-03:00[America/Santiago]","screenshots":[{"screenshot":"ac16d67a4c6cc426a34d732b5150304fbb3a9b020a496b83d04e60435a07789d.png","htmlSource":"pagesource14315416860785556610.html","timeStamp":1708704349986,"screenshotName":"ac16d67a4c6cc426a34d732b5150304fbb3a9b020a496b83d04e60435a07789d.png"},{"screenshot":"2b8419c2ebac03b9d4bbd23fe34257409c6f5d0bc2b1bed11a8d0e1ae3c59dae.png","timeStamp":1708704350428,"screenshotName":"2b8419c2ebac03b9d4bbd23fe34257409c6f5d0bc2b1bed11a8d0e1ae3c59dae.png"}],"result":"SUCCESS","precondition":false,"level":3},{"number":29,"description":"admin enters \u0027Cartagena\u0027 into INPUT THE CLIENT SECOND LAST NAME","duration":630,"startTime":"2024-02-23T13:05:50.431737-03:00[America/Santiago]","screenshots":[{"screenshot":"2b8419c2ebac03b9d4bbd23fe34257409c6f5d0bc2b1bed11a8d0e1ae3c59dae.png","htmlSource":"pagesource4545301231329218007.html","timeStamp":1708704350459,"screenshotName":"2b8419c2ebac03b9d4bbd23fe34257409c6f5d0bc2b1bed11a8d0e1ae3c59dae.png"},{"screenshot":"0795c5472c77ee6ab1e8f8341d3dfaf8bd8e71a01e41d201d9f42032449e44cc.png","timeStamp":1708704351062,"screenshotName":"0795c5472c77ee6ab1e8f8341d3dfaf8bd8e71a01e41d201d9f42032449e44cc.png"}],"result":"SUCCESS","precondition":false,"level":3},{"number":30,"description":"admin clicks on LIST GENDER","duration":2727,"startTime":"2024-02-23T13:05:51.066239-03:00[America/Santiago]","screenshots":[{"screenshot":"0795c5472c77ee6ab1e8f8341d3dfaf8bd8e71a01e41d201d9f42032449e44cc.png","htmlSource":"pagesource6776237670896843906.html","timeStamp":1708704351095,"screenshotName":"0795c5472c77ee6ab1e8f8341d3dfaf8bd8e71a01e41d201d9f42032449e44cc.png"},{"screenshot":"bc226743344c9007b7ce2d4eb9885a0d905a30f0e026b69606f305916545b134.png","timeStamp":1708704353793,"screenshotName":"bc226743344c9007b7ce2d4eb9885a0d905a30f0e026b69606f305916545b134.png"}],"result":"SUCCESS","precondition":false,"level":3},{"number":31,"description":"admin clicks on LIST CIVIL STATUS","duration":2690,"startTime":"2024-02-23T13:05:54.187178-03:00[America/Santiago]","screenshots":[{"screenshot":"5913d9da2c57a4f0828a97c27b70bee3b6cf339f3c4c3d6e3ebdf57c3adb45e5.png","htmlSource":"pagesource6432236805875480997.html","timeStamp":1708704354437,"screenshotName":"5913d9da2c57a4f0828a97c27b70bee3b6cf339f3c4c3d6e3ebdf57c3adb45e5.png"},{"screenshot":"80c720c22d40edfccffdbaa163d3d1672460504cc5c66efaef1801beea4f1647.png","timeStamp":1708704356877,"screenshotName":"80c720c22d40edfccffdbaa163d3d1672460504cc5c66efaef1801beea4f1647.png"}],"result":"SUCCESS","precondition":false,"level":3},{"number":32,"description":"admin clicks on LIST CLIENT BIRTH DATE IN EMMA UAT JM","duration":4832,"startTime":"2024-02-23T13:05:57.740079-03:00[America/Santiago]","screenshots":[{"screenshot":"e14fe47a10b83196045941b31cc34b7ab4aa9f601e80516bf543fca31b53ccbf.png","htmlSource":"pagesource9569336576006278060.html","timeStamp":1708704357971,"screenshotName":"e14fe47a10b83196045941b31cc34b7ab4aa9f601e80516bf543fca31b53ccbf.png"},{"screenshot":"3bde864182020dfe33dbb22e94ece8a6d9c236bf2af75534dec754a3bca09260.png","timeStamp":1708704362572,"screenshotName":"3bde864182020dfe33dbb22e94ece8a6d9c236bf2af75534dec754a3bca09260.png"}],"result":"SUCCESS","precondition":false,"level":3},{"number":33,"description":"admin clicks on BUTTON SELECT YEARS ","duration":1676,"startTime":"2024-02-23T13:06:02.575649-03:00[America/Santiago]","screenshots":[{"screenshot":"3bde864182020dfe33dbb22e94ece8a6d9c236bf2af75534dec754a3bca09260.png","htmlSource":"pagesource15047333875620975210.html","timeStamp":1708704362611,"screenshotName":"3bde864182020dfe33dbb22e94ece8a6d9c236bf2af75534dec754a3bca09260.png"},{"screenshot":"ac8d8c12b67e73fa156a195798f9f4f35f2412e805e6134ea9cb978b18ed7952.png","timeStamp":1708704364252,"screenshotName":"ac8d8c12b67e73fa156a195798f9f4f35f2412e805e6134ea9cb978b18ed7952.png"}],"result":"SUCCESS","precondition":false,"level":3},{"number":34,"description":"admin enters \u002772723331\u0027 into INPUT PHONE NUMBER IN EMMA UAT AW","duration":1288,"startTime":"2024-02-23T13:06:12.343417-03:00[America/Santiago]","screenshots":[{"screenshot":"9e0ea6a43862fcab3a1b4adaa78156f3f6e2c9d1a1c3e468289c0fa279a2686e.png","htmlSource":"pagesource4527732658767082209.html","timeStamp":1708704372556,"screenshotName":"9e0ea6a43862fcab3a1b4adaa78156f3f6e2c9d1a1c3e468289c0fa279a2686e.png"},{"screenshot":"73b51f4b129bd54526d4dc93729e35c7a4787bdc6f57ddf6e0c9f7b2f2a39760.png","timeStamp":1708704373631,"screenshotName":"73b51f4b129bd54526d4dc93729e35c7a4787bdc6f57ddf6e0c9f7b2f2a39760.png"}],"result":"SUCCESS","precondition":false,"level":3},{"number":35,"description":"admin enters \u0027correo20240223130243@gmail.com\u0027 into INPUT EMAIL","duration":836,"startTime":"2024-02-23T13:06:13.634259-03:00[America/Santiago]","screenshots":[{"screenshot":"73b51f4b129bd54526d4dc93729e35c7a4787bdc6f57ddf6e0c9f7b2f2a39760.png","htmlSource":"pagesource2963310257872631735.html","timeStamp":1708704373664,"screenshotName":"73b51f4b129bd54526d4dc93729e35c7a4787bdc6f57ddf6e0c9f7b2f2a39760.png"},{"screenshot":"1623e7ed97f1ebb01a9322ffa55b2478efbdbf119bbf7633ac190238a0adc90e.png","timeStamp":1708704374470,"screenshotName":"1623e7ed97f1ebb01a9322ffa55b2478efbdbf119bbf7633ac190238a0adc90e.png"}],"result":"SUCCESS","precondition":false,"level":3},{"number":36,"description":"admin clicks on BUTTON TO SEND CLIENT TO EVALUATE","duration":1262,"startTime":"2024-02-23T13:06:14.473750-03:00[America/Santiago]","screenshots":[{"screenshot":"1623e7ed97f1ebb01a9322ffa55b2478efbdbf119bbf7633ac190238a0adc90e.png","htmlSource":"pagesource10704678491711796941.html","timeStamp":1708704374503,"screenshotName":"1623e7ed97f1ebb01a9322ffa55b2478efbdbf119bbf7633ac190238a0adc90e.png"},{"screenshot":"c96804ffca4c057fe0bdfc3e3b2271589d888c32d78eaee1b6c66fc50c31dfec.png","timeStamp":1708704375735,"screenshotName":"c96804ffca4c057fe0bdfc3e3b2271589d888c32d78eaee1b6c66fc50c31dfec.png"}],"result":"SUCCESS","precondition":false,"level":3},{"number":37,"description":"admin clicks on BUTTON CONTINUE","duration":11870,"startTime":"2024-02-23T13:06:20.748324-03:00[America/Santiago]","screenshots":[{"screenshot":"e6eb9e3432dcb8e5eab10f946834e9500a125a0a6a916b1c7dde5cc77bf8d7ad.png","htmlSource":"pagesource13802885048737275131.html","timeStamp":1708704380982,"screenshotName":"e6eb9e3432dcb8e5eab10f946834e9500a125a0a6a916b1c7dde5cc77bf8d7ad.png"},{"screenshot":"c872dcfeec91d49e5d99690356c02bd96cf7f237926668631f1b4d3d19319781.png","timeStamp":1708704392618,"screenshotName":"c872dcfeec91d49e5d99690356c02bd96cf7f237926668631f1b4d3d19319781.png"}],"result":"SUCCESS","precondition":false,"level":3}]},{"number":38,"description":"Admin client personal information","duration":15725,"startTime":"2024-02-23T13:06:32.640943-03:00[America/Santiago]","screenshots":[{"screenshot":"c872dcfeec91d49e5d99690356c02bd96cf7f237926668631f1b4d3d19319781.png","htmlSource":"pagesource12964830808275924745.html","timeStamp":1708704392682,"screenshotName":"c872dcfeec91d49e5d99690356c02bd96cf7f237926668631f1b4d3d19319781.png"},{"screenshot":"15fae80c00827efe5291f1f71a961b1c075aa52037c5d7a82ed195cd8615504b.png","timeStamp":1708704408366,"screenshotName":"15fae80c00827efe5291f1f71a961b1c075aa52037c5d7a82ed195cd8615504b.png"}],"result":"SUCCESS","precondition":false,"level":2,"children":[{"number":39,"description":"admin clicks on DROPDOWN TO SELECT COUNTRY OF BIRTH","duration":2058,"startTime":"2024-02-23T13:06:32.684721-03:00[America/Santiago]","screenshots":[{"screenshot":"211f1fdd8114dc370db720b67ecfe98b26b599107ea40396017e090556d416b9.png","htmlSource":"pagesource17582094959003122446.html","timeStamp":1708704392963,"screenshotName":"211f1fdd8114dc370db720b67ecfe98b26b599107ea40396017e090556d416b9.png"},{"screenshot":"f158f088433fbf94b783d1ce220161905d080c8f343d4259056dfbad22e13c67.png","timeStamp":1708704394742,"screenshotName":"f158f088433fbf94b783d1ce220161905d080c8f343d4259056dfbad22e13c67.png"}],"result":"SUCCESS","precondition":false,"level":3},{"number":40,"description":"admin clicks on DROPDOWN TO SELECT COUNTRY OF BIRTH","duration":2086,"startTime":"2024-02-23T13:06:34.747702-03:00[America/Santiago]","screenshots":[{"screenshot":"f158f088433fbf94b783d1ce220161905d080c8f343d4259056dfbad22e13c67.png","htmlSource":"pagesource13797789899637065621.html","timeStamp":1708704394785,"screenshotName":"f158f088433fbf94b783d1ce220161905d080c8f343d4259056dfbad22e13c67.png"},{"screenshot":"8530996339e457656f1b910fad02c7567ad796e2d842c92afb8b7080a32996d4.png","timeStamp":1708704396833,"screenshotName":"8530996339e457656f1b910fad02c7567ad796e2d842c92afb8b7080a32996d4.png"}],"result":"SUCCESS","precondition":false,"level":3},{"number":41,"description":"admin enters \u0027Aruba\u0027 into INPUT TO ENTER COUNTRY OF CUSTOMER","duration":2422,"startTime":"2024-02-23T13:06:37.795953-03:00[America/Santiago]","screenshots":[{"screenshot":"c996ad7a20bd1b4573cd269aa40073de9c456b95241ed8c9f22c5ec62858b35b.png","htmlSource":"pagesource15234438688092987804.html","timeStamp":1708704398287,"screenshotName":"c996ad7a20bd1b4573cd269aa40073de9c456b95241ed8c9f22c5ec62858b35b.png"},{"screenshot":"785f2d43777e5acd5edd67ada0dfc14f25f3921b2d689e7bd620bbce9b4d2a49.png","timeStamp":1708704400218,"screenshotName":"785f2d43777e5acd5edd67ada0dfc14f25f3921b2d689e7bd620bbce9b4d2a49.png"}],"result":"SUCCESS","precondition":false,"level":3},{"number":42,"description":"admin enters \u00270\u0027 into iNPUTS TO ENTER THE NUMBER OF DEPENDS FROM THE CUSTOMER","duration":655,"startTime":"2024-02-23T13:06:40.223879-03:00[America/Santiago]","screenshots":[{"screenshot":"785f2d43777e5acd5edd67ada0dfc14f25f3921b2d689e7bd620bbce9b4d2a49.png","htmlSource":"pagesource12563400468290684909.html","timeStamp":1708704400295,"screenshotName":"785f2d43777e5acd5edd67ada0dfc14f25f3921b2d689e7bd620bbce9b4d2a49.png"},{"screenshot":"4b4bda8a580a317b10fdc5053c1d4e095fd46effb3d387b14b93fb84e97c69bc.png","timeStamp":1708704400879,"screenshotName":"4b4bda8a580a317b10fdc5053c1d4e095fd46effb3d387b14b93fb84e97c69bc.png"}],"result":"SUCCESS","precondition":false,"level":3},{"number":43,"description":"admin clicks on DROPDOWN TO SELECT THE PAYMENT FREQUENCY FROM THE CUSTOMER","duration":1355,"startTime":"2024-02-23T13:06:40.885412-03:00[America/Santiago]","screenshots":[{"screenshot":"4b4bda8a580a317b10fdc5053c1d4e095fd46effb3d387b14b93fb84e97c69bc.png","htmlSource":"pagesource12282392217600287074.html","timeStamp":1708704400944,"screenshotName":"4b4bda8a580a317b10fdc5053c1d4e095fd46effb3d387b14b93fb84e97c69bc.png"},{"screenshot":"628f878af459def219145986eff0a394f2a18c9dc23f44145f219a15ba0deb91.png","timeStamp":1708704402240,"screenshotName":"628f878af459def219145986eff0a394f2a18c9dc23f44145f219a15ba0deb91.png"}],"result":"SUCCESS","precondition":false,"level":3},{"number":44,"description":"admin enters \u0027150000\u0027 into INPUT TO ENTER THE PAYMENT INCOMING EVERY MONTH","duration":1520,"startTime":"2024-02-23T13:06:42.480025-03:00[America/Santiago]","screenshots":[{"screenshot":"45db069314e79ccb747a9e6da4adef22ec5371c0cdeec892fb18413a490159b3.png","htmlSource":"pagesource4131157452935066988.html","timeStamp":1708704402762,"screenshotName":"45db069314e79ccb747a9e6da4adef22ec5371c0cdeec892fb18413a490159b3.png"},{"screenshot":"ac3babc92f6383e3656b702a5e9246d5ee10de947e96b31c72ea50041965e8c5.png","timeStamp":1708704404000,"screenshotName":"ac3babc92f6383e3656b702a5e9246d5ee10de947e96b31c72ea50041965e8c5.png"}],"result":"SUCCESS","precondition":false,"level":3},{"number":45,"description":"admin enters \u0027This is the address 10\u0027 into TEXT AREA TO ENTER THE ADDRESS FROM CUSTOMER","duration":800,"startTime":"2024-02-23T13:06:44.003730-03:00[America/Santiago]","screenshots":[{"screenshot":"ac3babc92f6383e3656b702a5e9246d5ee10de947e96b31c72ea50041965e8c5.png","htmlSource":"pagesource4581377059241506887.html","timeStamp":1708704404029,"screenshotName":"ac3babc92f6383e3656b702a5e9246d5ee10de947e96b31c72ea50041965e8c5.png"},{"screenshot":"77793e6b7d4104bed02d01763673f3751787afc229d350070c4cb794a9e8fdd6.png","timeStamp":1708704404804,"screenshotName":"77793e6b7d4104bed02d01763673f3751787afc229d350070c4cb794a9e8fdd6.png"}],"result":"SUCCESS","precondition":false,"level":3},{"number":46,"description":"admin clicks on CONFIRM FORM AND GO TO THE NEXT STEPS","duration":1467,"startTime":"2024-02-23T13:06:44.807191-03:00[America/Santiago]","screenshots":[{"screenshot":"77793e6b7d4104bed02d01763673f3751787afc229d350070c4cb794a9e8fdd6.png","htmlSource":"pagesource18291407570109785203.html","timeStamp":1708704404837,"screenshotName":"77793e6b7d4104bed02d01763673f3751787afc229d350070c4cb794a9e8fdd6.png"},{"screenshot":"200c167abcd3320e2a7b5c232496e9483f47666c17085d26538ca126072d7611.png","timeStamp":1708704406274,"screenshotName":"200c167abcd3320e2a7b5c232496e9483f47666c17085d26538ca126072d7611.png"}],"result":"SUCCESS","precondition":false,"level":3},{"number":47,"description":"admin clicks on Confirm the incoming amount per month","duration":2081,"startTime":"2024-02-23T13:06:46.278727-03:00[America/Santiago]","screenshots":[{"screenshot":"200c167abcd3320e2a7b5c232496e9483f47666c17085d26538ca126072d7611.png","htmlSource":"pagesource11430924406903230750.html","timeStamp":1708704406397,"screenshotName":"200c167abcd3320e2a7b5c232496e9483f47666c17085d26538ca126072d7611.png"},{"screenshot":"15fae80c00827efe5291f1f71a961b1c075aa52037c5d7a82ed195cd8615504b.png","timeStamp":1708704408360,"screenshotName":"15fae80c00827efe5291f1f71a961b1c075aa52037c5d7a82ed195cd8615504b.png"}],"result":"SUCCESS","precondition":false,"level":3}]},{"number":48,"description":"Admin client work information","duration":24535,"startTime":"2024-02-23T13:06:48.372605-03:00[America/Santiago]","screenshots":[{"screenshot":"15fae80c00827efe5291f1f71a961b1c075aa52037c5d7a82ed195cd8615504b.png","htmlSource":"pagesource11421699201216041372.html","timeStamp":1708704408404,"screenshotName":"15fae80c00827efe5291f1f71a961b1c075aa52037c5d7a82ed195cd8615504b.png"},{"screenshot":"7d586b82007bd96bbe3dee84385d42542fe07d62d6aa98bd130ebeedbf1056d6.png","timeStamp":1708704432908,"screenshotName":"7d586b82007bd96bbe3dee84385d42542fe07d62d6aa98bd130ebeedbf1056d6.png"}],"result":"SUCCESS","precondition":false,"level":2,"children":[{"number":49,"description":"admin clicks on DROPDOWN TO SELECT THE MAIN OCCUPATION","duration":1584,"startTime":"2024-02-23T13:06:48.407459-03:00[America/Santiago]","screenshots":[{"screenshot":"15ed3453bd1d66682b924885440f635bda022b7a3b584e514a1ed27baa81e880.png","htmlSource":"pagesource17663651972100067411.html","timeStamp":1708704408713,"screenshotName":"15ed3453bd1d66682b924885440f635bda022b7a3b584e514a1ed27baa81e880.png"},{"screenshot":"6ed9f0fd964ba5e8c8b1f499fdacac3b758fbf5c6e67ea9d915dd262e66df03c.png","timeStamp":1708704409991,"screenshotName":"6ed9f0fd964ba5e8c8b1f499fdacac3b758fbf5c6e67ea9d915dd262e66df03c.png"}],"result":"SUCCESS","precondition":false,"level":3},{"number":50,"description":"admin enters \u002748\u0027 into INPUT FOR how many months have you been banked","duration":1538,"startTime":"2024-02-23T13:06:53.468258-03:00[America/Santiago]","screenshots":[{"screenshot":"66918420c9fed60a162d425a766591ab95622c4ba3b6478a274b87102f188e4d.png","htmlSource":"pagesource8616352534132547720.html","timeStamp":1708704414053,"screenshotName":"66918420c9fed60a162d425a766591ab95622c4ba3b6478a274b87102f188e4d.png"},{"screenshot":"1b862bb7cc0c10091b77bb6ba1c68fd95f6f1861221c3bb6b69568335e02f7e9.png","timeStamp":1708704415006,"screenshotName":"1b862bb7cc0c10091b77bb6ba1c68fd95f6f1861221c3bb6b69568335e02f7e9.png"}],"result":"SUCCESS","precondition":false,"level":3},{"number":51,"description":"admin clicks on INPUT FOR WORK MAIN ECONOMIC ACTIVITY","duration":1773,"startTime":"2024-02-23T13:06:55.011164-03:00[America/Santiago]","screenshots":[{"screenshot":"1b862bb7cc0c10091b77bb6ba1c68fd95f6f1861221c3bb6b69568335e02f7e9.png","htmlSource":"pagesource18052119653480114286.html","timeStamp":1708704415039,"screenshotName":"1b862bb7cc0c10091b77bb6ba1c68fd95f6f1861221c3bb6b69568335e02f7e9.png"},{"screenshot":"8cc8684dab43a5a2849bc842808f1141d991c38ffd3735bac6a0143263d1e714.png","timeStamp":1708704416784,"screenshotName":"8cc8684dab43a5a2849bc842808f1141d991c38ffd3735bac6a0143263d1e714.png"}],"result":"SUCCESS","precondition":false,"level":3},{"number":52,"description":"admin clicks on DROPDOWN SELECT REGION AW","duration":841,"startTime":"2024-02-23T13:06:57.301931-03:00[America/Santiago]","screenshots":[{"screenshot":"59288bb4a1d761549611da052dc65f3c321748ca2d35b8dc68f05578e3f8d9bf.png","htmlSource":"pagesource2347473334872782909.html","timeStamp":1708704417537,"screenshotName":"59288bb4a1d761549611da052dc65f3c321748ca2d35b8dc68f05578e3f8d9bf.png"},{"screenshot":"91cc38436800948bacee2d400db2a9f19a57b5bacc7561f3cb9ee44002273fb5.png","timeStamp":1708704418143,"screenshotName":"91cc38436800948bacee2d400db2a9f19a57b5bacc7561f3cb9ee44002273fb5.png"}],"result":"SUCCESS","precondition":false,"level":3},{"number":53,"description":"admin clicks on ","duration":2185,"startTime":"2024-02-23T13:06:58.513736-03:00[America/Santiago]","screenshots":[{"screenshot":"dac42fbb8a22cfbf049319a057a0fc6e2cd110561d0d1db75924c1b00434ce56.png","htmlSource":"pagesource703922827714117079.html","timeStamp":1708704420102,"screenshotName":"dac42fbb8a22cfbf049319a057a0fc6e2cd110561d0d1db75924c1b00434ce56.png"},{"screenshot":"d8a296aa97c1b43ddf0c4365d466574ba7b48ac9db9968c573b7a78cfff6c647.png","timeStamp":1708704420699,"screenshotName":"d8a296aa97c1b43ddf0c4365d466574ba7b48ac9db9968c573b7a78cfff6c647.png"}],"result":"SUCCESS","precondition":false,"level":3},{"number":54,"description":"admin enters \u0027Jhon Cena deeper Cartagena\u0027 into INPUT FOR EMPLOYER NAME","duration":1020,"startTime":"2024-02-23T13:07:00.853893-03:00[America/Santiago]","screenshots":[{"screenshot":"748bf980f7fe7d498c880526c5b46aa21badff57235cdc74ceea62ff98d71086.png","htmlSource":"pagesource9820231347110084540.html","timeStamp":1708704421068,"screenshotName":"748bf980f7fe7d498c880526c5b46aa21badff57235cdc74ceea62ff98d71086.png"},{"screenshot":"26eaf81b8bd907dfbe248e2b7b6f4d061f45396b8f7bde4f517c59fe25bde9b8.png","timeStamp":1708704421873,"screenshotName":"26eaf81b8bd907dfbe248e2b7b6f4d061f45396b8f7bde4f517c59fe25bde9b8.png"}],"result":"SUCCESS","precondition":false,"level":3},{"number":55,"description":"admin enters \u0027This is the address 10\u0027 into IMPUT FOR YOUR CURRENT WORK ADDRESS","duration":394,"startTime":"2024-02-23T13:07:01.877007-03:00[America/Santiago]","screenshots":[{"screenshot":"26eaf81b8bd907dfbe248e2b7b6f4d061f45396b8f7bde4f517c59fe25bde9b8.png","htmlSource":"pagesource8048061169388219065.html","timeStamp":1708704421919,"screenshotName":"26eaf81b8bd907dfbe248e2b7b6f4d061f45396b8f7bde4f517c59fe25bde9b8.png"},{"screenshot":"eda95da10d89031c146357e1898f152e359461b1d29a6b6751ca4e221ddd03a8.png","timeStamp":1708704422271,"screenshotName":"eda95da10d89031c146357e1898f152e359461b1d29a6b6751ca4e221ddd03a8.png"}],"result":"SUCCESS","precondition":false,"level":3},{"number":56,"description":"admin enters \u002772723331\u0027 into INPUT FOR PHONE WORK NUMBER","duration":600,"startTime":"2024-02-23T13:07:02.273979-03:00[America/Santiago]","screenshots":[{"screenshot":"eda95da10d89031c146357e1898f152e359461b1d29a6b6751ca4e221ddd03a8.png","htmlSource":"pagesource5543276394190772381.html","timeStamp":1708704422301,"screenshotName":"eda95da10d89031c146357e1898f152e359461b1d29a6b6751ca4e221ddd03a8.png"},{"screenshot":"e471f43964f1364252c81bef7ff61bd254ca32c9b8d4f7eff8a62d12063fb7e8.png","timeStamp":1708704422874,"screenshotName":"e471f43964f1364252c81bef7ff61bd254ca32c9b8d4f7eff8a62d12063fb7e8.png"}],"result":"SUCCESS","precondition":false,"level":3},{"number":57,"description":"admin clicks on LIST TO SELECT WORK START DATE","duration":3529,"startTime":"2024-02-23T13:07:02.876720-03:00[America/Santiago]","screenshots":[{"screenshot":"e471f43964f1364252c81bef7ff61bd254ca32c9b8d4f7eff8a62d12063fb7e8.png","htmlSource":"pagesource10107871493292358777.html","timeStamp":1708704422904,"screenshotName":"e471f43964f1364252c81bef7ff61bd254ca32c9b8d4f7eff8a62d12063fb7e8.png"},{"screenshot":"70091173cb32f4d1a81b63d2d4d87a2369aac1a7040e3e56648b5013933e2de8.png","timeStamp":1708704426406,"screenshotName":"70091173cb32f4d1a81b63d2d4d87a2369aac1a7040e3e56648b5013933e2de8.png"}],"result":"SUCCESS","precondition":false,"level":3},{"number":58,"description":"admin clicks on BUTTON SELECT YEARS ","duration":1287,"startTime":"2024-02-23T13:07:06.411149-03:00[America/Santiago]","screenshots":[{"screenshot":"70091173cb32f4d1a81b63d2d4d87a2369aac1a7040e3e56648b5013933e2de8.png","htmlSource":"pagesource1514921505239980084.html","timeStamp":1708704426446,"screenshotName":"70091173cb32f4d1a81b63d2d4d87a2369aac1a7040e3e56648b5013933e2de8.png"},{"screenshot":"d8354901bb7ec962f5877727b50087f8693198509b066b33fdf3c5ab0f58d54d.png","timeStamp":1708704427698,"screenshotName":"d8354901bb7ec962f5877727b50087f8693198509b066b33fdf3c5ab0f58d54d.png"}],"result":"SUCCESS","precondition":false,"level":3},{"number":59,"description":"admin clicks on CONFIRM FORM AND GO TO THE NEXT STEPS","duration":3390,"startTime":"2024-02-23T13:07:09.511906-03:00[America/Santiago]","screenshots":[{"screenshot":"f6a38c8a377eafca323618346dbe49cb2b5a9cb9eb5cd72c5a56da181be1d601.png","htmlSource":"pagesource12919842748461754049.html","timeStamp":1708704429998,"screenshotName":"f6a38c8a377eafca323618346dbe49cb2b5a9cb9eb5cd72c5a56da181be1d601.png"},{"screenshot":"7d586b82007bd96bbe3dee84385d42542fe07d62d6aa98bd130ebeedbf1056d6.png","timeStamp":1708704432902,"screenshotName":"7d586b82007bd96bbe3dee84385d42542fe07d62d6aa98bd130ebeedbf1056d6.png"}],"result":"SUCCESS","precondition":false,"level":3}]},{"number":60,"description":"Admin geographical data","duration":11650,"startTime":"2024-02-23T13:07:12.916363-03:00[America/Santiago]","screenshots":[{"screenshot":"7d586b82007bd96bbe3dee84385d42542fe07d62d6aa98bd130ebeedbf1056d6.png","htmlSource":"pagesource1620163610643629001.html","timeStamp":1708704433014,"screenshotName":"7d586b82007bd96bbe3dee84385d42542fe07d62d6aa98bd130ebeedbf1056d6.png"},{"screenshot":"399fe4603d4e9c2512880454471eb97de9dcfd6398a1193b6028c92b20e4805a.png","timeStamp":1708704444566,"screenshotName":"399fe4603d4e9c2512880454471eb97de9dcfd6398a1193b6028c92b20e4805a.png"}],"result":"SUCCESS","precondition":false,"level":2,"children":[{"number":61,"description":"admin clicks on DROPDOWN TO SELECT PARISH OF CUSTOMER","duration":1403,"startTime":"2024-02-23T13:07:13.017182-03:00[America/Santiago]","screenshots":[{"screenshot":"33bf682a490b2b14dac62454d552064db3000e393af66329fc9e6d43bcb9a236.png","htmlSource":"pagesource9348830928132018799.html","timeStamp":1708704433300,"screenshotName":"33bf682a490b2b14dac62454d552064db3000e393af66329fc9e6d43bcb9a236.png"},{"screenshot":"048edb808212b40677e1ffc956f98b1316f589a4f83276aebf955090ffb498a1.png","timeStamp":1708704434420,"screenshotName":"048edb808212b40677e1ffc956f98b1316f589a4f83276aebf955090ffb498a1.png"}],"result":"SUCCESS","precondition":false,"level":3},{"number":62,"description":"admin clicks on DROPDOWN TO SELECT DISTRICT OF CUSTOMER","duration":1923,"startTime":"2024-02-23T13:07:14.884062-03:00[America/Santiago]","screenshots":[{"screenshot":"a890f407fe7870797930d90363da2f47ab5eac81411fda004497b458dc6bcb9b.png","htmlSource":"pagesource6432886253939641219.html","timeStamp":1708704435139,"screenshotName":"a890f407fe7870797930d90363da2f47ab5eac81411fda004497b458dc6bcb9b.png"},{"screenshot":"a683b2735cff374cac8eff99fb7a813d3cf3d6e5497b3bfce0b002ef0d330f38.png","timeStamp":1708704436807,"screenshotName":"a683b2735cff374cac8eff99fb7a813d3cf3d6e5497b3bfce0b002ef0d330f38.png"}],"result":"SUCCESS","precondition":false,"level":3},{"number":63,"description":"admin enters \u0027Street 0401\u0027 into INPUT RESIDENCE STREET","duration":738,"startTime":"2024-02-23T13:07:17.645752-03:00[America/Santiago]","screenshots":[{"screenshot":"677a6b8cee1706846ee71c52834aa5f099b1cff5b0e6c7889acd02835c9f4236.png","htmlSource":"pagesource17221437400015551388.html","timeStamp":1708704437879,"screenshotName":"677a6b8cee1706846ee71c52834aa5f099b1cff5b0e6c7889acd02835c9f4236.png"},{"screenshot":"a69049f24735961c187ef93d006cffd30224550d892a06cad3da89059945e786.png","timeStamp":1708704438384,"screenshotName":"a69049f24735961c187ef93d006cffd30224550d892a06cad3da89059945e786.png"}],"result":"SUCCESS","precondition":false,"level":3},{"number":64,"description":"admin enters \u0027Street 3421\u0027 into INPUT REFERENCE STREET","duration":717,"startTime":"2024-02-23T13:07:18.388491-03:00[America/Santiago]","screenshots":[{"screenshot":"a69049f24735961c187ef93d006cffd30224550d892a06cad3da89059945e786.png","htmlSource":"pagesource14221263683451006325.html","timeStamp":1708704438429,"screenshotName":"a69049f24735961c187ef93d006cffd30224550d892a06cad3da89059945e786.png"},{"screenshot":"2274a2d080534830f422f458e4e854796b55573f5ef09dbe63973d6edf4008e2.png","timeStamp":1708704439105,"screenshotName":"2274a2d080534830f422f458e4e854796b55573f5ef09dbe63973d6edf4008e2.png"}],"result":"SUCCESS","precondition":false,"level":3},{"number":65,"description":"admin clicks on LIST TO SELECT RESIDENCE START DATE","duration":1104,"startTime":"2024-02-23T13:07:19.109010-03:00[America/Santiago]","screenshots":[{"screenshot":"2274a2d080534830f422f458e4e854796b55573f5ef09dbe63973d6edf4008e2.png","htmlSource":"pagesource15453798454177935660.html","timeStamp":1708704439138,"screenshotName":"2274a2d080534830f422f458e4e854796b55573f5ef09dbe63973d6edf4008e2.png"},{"screenshot":"decf43e9f293be3314997f269ca442da71d15b06238789b89af35f473873f704.png","timeStamp":1708704440213,"screenshotName":"decf43e9f293be3314997f269ca442da71d15b06238789b89af35f473873f704.png"}],"result":"SUCCESS","precondition":false,"level":3},{"number":66,"description":"admin clicks on DROPDOWN TO SELECT RESIDENT STATUS OF CUSTOMER","duration":873,"startTime":"2024-02-23T13:07:21.492040-03:00[America/Santiago]","screenshots":[{"screenshot":"81684d6d74920d5e5ca17e727999a1e6b4c6627a3defcbb84fa1ff12e06439c4.png","htmlSource":"pagesource2850282215874889555.html","timeStamp":1708704441810,"screenshotName":"81684d6d74920d5e5ca17e727999a1e6b4c6627a3defcbb84fa1ff12e06439c4.png"},{"screenshot":"d440a0c34bdbd5fa9f3cd15ab043d326ec2cd3dd044616dec67f077fdb9b5992.png","timeStamp":1708704442365,"screenshotName":"d440a0c34bdbd5fa9f3cd15ab043d326ec2cd3dd044616dec67f077fdb9b5992.png"}],"result":"SUCCESS","precondition":false,"level":3},{"number":67,"description":"admin clicks on CONFIRM FORM AND GO TO THE NEXT STEPS","duration":793,"startTime":"2024-02-23T13:07:22.577679-03:00[America/Santiago]","screenshots":[{"screenshot":"7d1c010f06b3655052245fec4d5fd1c1bf2245dd1faf18e9356cd1ff905df60b.png","htmlSource":"pagesource5589563761388834977.html","timeStamp":1708704442885,"screenshotName":"7d1c010f06b3655052245fec4d5fd1c1bf2245dd1faf18e9356cd1ff905df60b.png"},{"screenshot":"e053548e8f35510b66c83a58fd034cae5edc903fc8034f1033d4741f5da69214.png","timeStamp":1708704443371,"screenshotName":"e053548e8f35510b66c83a58fd034cae5edc903fc8034f1033d4741f5da69214.png"}],"result":"SUCCESS","precondition":false,"level":3}]},{"number":68,"description":"Admin contact information","duration":2328,"startTime":"2024-02-23T13:07:24.573439-03:00[America/Santiago]","screenshots":[{"screenshot":"399fe4603d4e9c2512880454471eb97de9dcfd6398a1193b6028c92b20e4805a.png","htmlSource":"pagesource9612438942594431357.html","timeStamp":1708704444602,"screenshotName":"399fe4603d4e9c2512880454471eb97de9dcfd6398a1193b6028c92b20e4805a.png"},{"screenshot":"b91d723ded8ea269c3b0e84141f4ddf709c4ca65c63b659bf527660192b580db.png","timeStamp":1708704446901,"screenshotName":"b91d723ded8ea269c3b0e84141f4ddf709c4ca65c63b659bf527660192b580db.png"}],"result":"SUCCESS","precondition":false,"level":2,"children":[{"number":69,"description":"admin enters \u0027Jhon\u0027 into INPUT TO ENTER FIRST PERSONAL REFERENCE","duration":350,"startTime":"2024-02-23T13:07:24.604049-03:00[America/Santiago]","screenshots":[{"screenshot":"399fe4603d4e9c2512880454471eb97de9dcfd6398a1193b6028c92b20e4805a.png","htmlSource":"pagesource6069503666837729136.html","timeStamp":1708704444628,"screenshotName":"399fe4603d4e9c2512880454471eb97de9dcfd6398a1193b6028c92b20e4805a.png"},{"screenshot":"6bc070ff58fb8e6b1c0a7fa4f21da3f840533efc8cea015cb010967feb56f865.png","timeStamp":1708704444954,"screenshotName":"6bc070ff58fb8e6b1c0a7fa4f21da3f840533efc8cea015cb010967feb56f865.png"}],"result":"SUCCESS","precondition":false,"level":3},{"number":70,"description":"admin enters \u002772723331\u0027 into INPUT TO ENTER FIRST PERSONAL REFERENCE NUMBER","duration":529,"startTime":"2024-02-23T13:07:24.957829-03:00[America/Santiago]","screenshots":[{"screenshot":"6bc070ff58fb8e6b1c0a7fa4f21da3f840533efc8cea015cb010967feb56f865.png","htmlSource":"pagesource15356159702451702021.html","timeStamp":1708704444983,"screenshotName":"6bc070ff58fb8e6b1c0a7fa4f21da3f840533efc8cea015cb010967feb56f865.png"},{"screenshot":"2b397c473f82dc0b9ffe4f07d0afa3bfd99c99f3b8702b9636066bad848d5ef3.png","timeStamp":1708704445487,"screenshotName":"2b397c473f82dc0b9ffe4f07d0afa3bfd99c99f3b8702b9636066bad848d5ef3.png"}],"result":"SUCCESS","precondition":false,"level":3},{"number":71,"description":"admin enters \u0027Cena\u0027 into INPUT TO ENTER SECOND PERSONAL REFERENCE","duration":395,"startTime":"2024-02-23T13:07:25.489928-03:00[America/Santiago]","screenshots":[{"screenshot":"2b397c473f82dc0b9ffe4f07d0afa3bfd99c99f3b8702b9636066bad848d5ef3.png","htmlSource":"pagesource8408862811819329123.html","timeStamp":1708704445516,"screenshotName":"2b397c473f82dc0b9ffe4f07d0afa3bfd99c99f3b8702b9636066bad848d5ef3.png"},{"screenshot":"dcd37335960e3ae0cb56ca481517c51a4f4aa203408a92babc209042977109d5.png","timeStamp":1708704445885,"screenshotName":"dcd37335960e3ae0cb56ca481517c51a4f4aa203408a92babc209042977109d5.png"}],"result":"SUCCESS","precondition":false,"level":3},{"number":72,"description":"admin enters \u002772723331\u0027 into INPUT TO ENTER SECOND PHONE REFERENCE","duration":419,"startTime":"2024-02-23T13:07:25.888518-03:00[America/Santiago]","screenshots":[{"screenshot":"dcd37335960e3ae0cb56ca481517c51a4f4aa203408a92babc209042977109d5.png","htmlSource":"pagesource8897413963869343250.html","timeStamp":1708704445912,"screenshotName":"dcd37335960e3ae0cb56ca481517c51a4f4aa203408a92babc209042977109d5.png"},{"screenshot":"9a1d9646ebc089d512e3ea19357f1591720c007307c013bb6b2e042cfe4e2289.png","timeStamp":1708704446308,"screenshotName":"9a1d9646ebc089d512e3ea19357f1591720c007307c013bb6b2e042cfe4e2289.png"}],"result":"SUCCESS","precondition":false,"level":3},{"number":73,"description":"admin clicks on CONFIRM FORM AND GO TO THE NEXT STEPS","duration":584,"startTime":"2024-02-23T13:07:26.311740-03:00[America/Santiago]","screenshots":[{"screenshot":"9a1d9646ebc089d512e3ea19357f1591720c007307c013bb6b2e042cfe4e2289.png","htmlSource":"pagesource8231074726204452385.html","timeStamp":1708704446338,"screenshotName":"9a1d9646ebc089d512e3ea19357f1591720c007307c013bb6b2e042cfe4e2289.png"},{"screenshot":"b91d723ded8ea269c3b0e84141f4ddf709c4ca65c63b659bf527660192b580db.png","timeStamp":1708704446895,"screenshotName":"b91d723ded8ea269c3b0e84141f4ddf709c4ca65c63b659bf527660192b580db.png"}],"result":"SUCCESS","precondition":false,"level":3}]},{"number":74,"description":"Admin upload document","duration":61354,"startTime":"2024-02-23T13:07:26.908426-03:00[America/Santiago]","screenshots":[{"screenshot":"b91d723ded8ea269c3b0e84141f4ddf709c4ca65c63b659bf527660192b580db.png","htmlSource":"pagesource70469934974526650.html","timeStamp":1708704446934,"screenshotName":"b91d723ded8ea269c3b0e84141f4ddf709c4ca65c63b659bf527660192b580db.png"},{"screenshot":"4511743a0e082dc19576d2ffd0182f82c048c91c4ac5a53f0a7f923d80a8da3f.png","timeStamp":1708704508262,"screenshotName":"4511743a0e082dc19576d2ffd0182f82c048c91c4ac5a53f0a7f923d80a8da3f.png"}],"result":"SUCCESS","precondition":false,"level":2,"children":[{"number":75,"description":"admin clicks on ICON BOX TO UPLOAD DOCUMENTS","duration":1667,"startTime":"2024-02-23T13:07:26.936205-03:00[America/Santiago]","screenshots":[{"screenshot":"b91d723ded8ea269c3b0e84141f4ddf709c4ca65c63b659bf527660192b580db.png","htmlSource":"pagesource7303413383501556729.html","timeStamp":1708704446966,"screenshotName":"b91d723ded8ea269c3b0e84141f4ddf709c4ca65c63b659bf527660192b580db.png"},{"screenshot":"0a83439fcf9b424236b93168c773243450ca4d553dc0e1f9626c7a99fb535b32.png","timeStamp":1708704448603,"screenshotName":"0a83439fcf9b424236b93168c773243450ca4d553dc0e1f9626c7a99fb535b32.png"}],"result":"SUCCESS","precondition":false,"level":3},{"number":76,"description":"admin enters \u0027/Users/joseclemente/Documents/ecosystem-regression/src/test/resources/files/dni.PNG\u0027 into INPUT DOCUMENT FILE","duration":726,"startTime":"2024-02-23T13:07:29.621220-03:00[America/Santiago]","screenshots":[{"screenshot":"ed36c969dae1ae45b0a53aa6f743afacc0c9020ab99ed30d73d0501e59c5d234.png","htmlSource":"pagesource8174251046663407577.html","timeStamp":1708704449818,"screenshotName":"ed36c969dae1ae45b0a53aa6f743afacc0c9020ab99ed30d73d0501e59c5d234.png"},{"screenshot":"4701d0676dfcd1c18d415266023997d2bb5e5181790b28b1f5255ca048ced0b5.png","timeStamp":1708704450347,"screenshotName":"4701d0676dfcd1c18d415266023997d2bb5e5181790b28b1f5255ca048ced0b5.png"}],"result":"SUCCESS","precondition":false,"level":3},{"number":77,"description":"admin clicks on ICON BOX TO UPLOAD DOCUMENTS","duration":1353,"startTime":"2024-02-23T13:07:38.470501-03:00[America/Santiago]","screenshots":[{"screenshot":"ffb5c29bf6b35938c071d678ae1f3ec3e36d49fbc235f02b16c93c28b24a8852.png","htmlSource":"pagesource5823411147512237370.html","timeStamp":1708704458675,"screenshotName":"ffb5c29bf6b35938c071d678ae1f3ec3e36d49fbc235f02b16c93c28b24a8852.png"},{"screenshot":"9fa2104803f5867000709c4a95876332ff0f2ce1bab20098a3576e2c0cd2f3a1.png","timeStamp":1708704459823,"screenshotName":"9fa2104803f5867000709c4a95876332ff0f2ce1bab20098a3576e2c0cd2f3a1.png"}],"result":"SUCCESS","precondition":false,"level":3},{"number":78,"description":"admin enters \u0027/Users/joseclemente/Documents/ecosystem-regression/src/test/resources/files/dni.PNG\u0027 into INPUT DOCUMENT FILE","duration":898,"startTime":"2024-02-23T13:07:39.828216-03:00[America/Santiago]","screenshots":[{"screenshot":"9fa2104803f5867000709c4a95876332ff0f2ce1bab20098a3576e2c0cd2f3a1.png","htmlSource":"pagesource6861076617812544409.html","timeStamp":1708704459858,"screenshotName":"9fa2104803f5867000709c4a95876332ff0f2ce1bab20098a3576e2c0cd2f3a1.png"},{"screenshot":"9baf4b5285284844974ecb0dc5c0efa51e1bb93bf518dd82dfb58b34fc81b115.png","timeStamp":1708704460726,"screenshotName":"9baf4b5285284844974ecb0dc5c0efa51e1bb93bf518dd82dfb58b34fc81b115.png"}],"result":"SUCCESS","precondition":false,"level":3},{"number":79,"description":"admin clicks on ICON BOX TO UPLOAD DOCUMENTS","duration":1290,"startTime":"2024-02-23T13:07:48.904999-03:00[America/Santiago]","screenshots":[{"screenshot":"e78ed30311ca51c2ef7646ac82e6aef3d263e8085bc1de66e6257d204ceef90c.png","htmlSource":"pagesource15312635065490544531.html","timeStamp":1708704469191,"screenshotName":"e78ed30311ca51c2ef7646ac82e6aef3d263e8085bc1de66e6257d204ceef90c.png"},{"screenshot":"36d07414b9ddaf91a8ea423dc77216c088464889801c68760085c1ed5f962212.png","timeStamp":1708704470195,"screenshotName":"36d07414b9ddaf91a8ea423dc77216c088464889801c68760085c1ed5f962212.png"}],"result":"SUCCESS","precondition":false,"level":3},{"number":80,"description":"admin enters \u0027/Users/joseclemente/Documents/ecosystem-regression/src/test/resources/files/dni.PNG\u0027 into INPUT DOCUMENT FILE","duration":374,"startTime":"2024-02-23T13:07:50.198893-03:00[America/Santiago]","screenshots":[{"screenshot":"36d07414b9ddaf91a8ea423dc77216c088464889801c68760085c1ed5f962212.png","htmlSource":"pagesource15018306106672409654.html","timeStamp":1708704470229,"screenshotName":"36d07414b9ddaf91a8ea423dc77216c088464889801c68760085c1ed5f962212.png"},{"screenshot":"55dd7b97e8bd3530a83a0d2adddc87d6ca1749ba7a7cb2379dbe4c065e03c056.png","timeStamp":1708704470573,"screenshotName":"55dd7b97e8bd3530a83a0d2adddc87d6ca1749ba7a7cb2379dbe4c065e03c056.png"}],"result":"SUCCESS","precondition":false,"level":3},{"number":81,"description":"admin clicks on ICON BOX TO UPLOAD DOCUMENTS","duration":1290,"startTime":"2024-02-23T13:07:58.660158-03:00[America/Santiago]","screenshots":[{"screenshot":"ec63a856388488246343babf98f67765732c4dcde59b8f72de091348f37958d3.png","htmlSource":"pagesource7185697743323012158.html","timeStamp":1708704478866,"screenshotName":"ec63a856388488246343babf98f67765732c4dcde59b8f72de091348f37958d3.png"},{"screenshot":"dae189a37d04ffe5c21e14d6f7e70a02b1baa9297c0c086b0970f5389653e5ac.png","timeStamp":1708704479950,"screenshotName":"dae189a37d04ffe5c21e14d6f7e70a02b1baa9297c0c086b0970f5389653e5ac.png"}],"result":"SUCCESS","precondition":false,"level":3},{"number":82,"description":"admin enters \u0027/Users/joseclemente/Documents/ecosystem-regression/src/test/resources/files/dni.PNG\u0027 into INPUT DOCUMENT FILE","duration":461,"startTime":"2024-02-23T13:07:59.953986-03:00[America/Santiago]","screenshots":[{"screenshot":"dae189a37d04ffe5c21e14d6f7e70a02b1baa9297c0c086b0970f5389653e5ac.png","htmlSource":"pagesource13847360878401943801.html","timeStamp":1708704479981,"screenshotName":"dae189a37d04ffe5c21e14d6f7e70a02b1baa9297c0c086b0970f5389653e5ac.png"},{"screenshot":"a1d0f29e7fb1dda86cc189668ba0015f92409e71fba5cb676629fb81da3581a8.png","timeStamp":1708704480415,"screenshotName":"a1d0f29e7fb1dda86cc189668ba0015f92409e71fba5cb676629fb81da3581a8.png"}],"result":"SUCCESS","precondition":false,"level":3},{"number":83,"description":"admin clicks on CONFIRM FORM AND GO TO THE NEXT STEPS","duration":1279,"startTime":"2024-02-23T13:08:12.632653-03:00[America/Santiago]","screenshots":[{"screenshot":"bc3adfcc69b5342f84eee3d56f3e5822fe4197e924768e17dbe0d2aee03dd1f1.png","htmlSource":"pagesource10628458432596464660.html","timeStamp":1708704492846,"screenshotName":"bc3adfcc69b5342f84eee3d56f3e5822fe4197e924768e17dbe0d2aee03dd1f1.png"},{"screenshot":"fd5f862a7614082935d58ea4e592b97a149c2adfd642819927dad9eb30642053.png","timeStamp":1708704493912,"screenshotName":"fd5f862a7614082935d58ea4e592b97a149c2adfd642819927dad9eb30642053.png"}],"result":"SUCCESS","precondition":false,"level":3}]}]}]}],"userStory":{"id":"emma/aw/Regression","storyName":"Emma New client AW uat","displayName":"Emma New client AW uat","path":"emma/aw/Regression","pathElements":[{"name":"emma","description":""},{"name":"aw","description":""},{"name":"Regression","description":""}],"type":"feature"},"title":"1. New credit application Emma AW uat","description":"","tags":[{"name":"FlowEmmaAw","type":"tag","displayName":"FlowEmmaAw"},{"name":"EmmaNewClientForm","type":"tag","displayName":"EmmaNewClientForm"}],"startTime":"2024-02-23T13:02:37.182503-03:00[America/Santiago]","duration":6271,"projectKey":"","driver":"chrome","isManualTestingUpToDate":false,"dataTable":{"headers":["country","store","typeId","documentId","firstName","secondName","firstLastName","secondLastName","numberMovil","email","birthDate","gender","dependsNumber","marriedStatus","address","frecuencyPaid","income","occupation","bankendMonths","jobMainActivity","department","district","residentStatus","monthsHome","employStartDate","streetResidence","referenceResidence","residenceStartDate"],"rows":[{"values":["Aruba","OPL AW Mega","National ID CARD","40.34.50.95","Jhon","Cena","deeper","Cartagena","72723331","r@g.c","1990-MEI-7","Male","0","Married","This is the address 10","Weekly","150000","Business Owner","48","Salary","Paradera","Ayo","Owner","90","2020-MEI-7","Street 0401","Street 3421","2020-MEI-7"],"lineNumber":16,"result":"SUCCESS"}],"predefinedRows":true,"scenarioOutline":"Given DataTable customer data\n\rGiven the user into uat EMMA \"\u003ccountry\u003e\" with the credentials existent\n\rAnd select the country uat emma and select \"\u003cstore\u003e\"\n\rWhen admin user try to create new client aw\n\rWhen admin user enter basic information from the client aw\n\r","dataSetDescriptors":[{"startRow":0,"rowCount":0,"name":"","description":""}]},"manual":false,"testSource":"Cucumber","actors":[{"name":"admin","can":["browse the web"]}],"order":0,"result":"SUCCESS","scenarioOutline":"Given DataTable customer data\n|typeId | documentId | firstName | secondName | firstLastName | secondLastName | numberMovil | email | birthDate | gender | dependsNumber | marriedStatus | address | frecuencyPaid | income | occupation | bankendMonths | jobMainActivity | department | district | residentStatus | monthsHome | employStartDate | store | streetResidence | referenceResidence | residenceStartDate|\n|\u003ctypeId\u003e | \u003cdocumentId\u003e | \u003cfirstName\u003e | \u003csecondName\u003e | \u003cfirstLastName\u003e | \u003csecondLastName\u003e | \u003cnumberMovil\u003e | \u003cemail\u003e | \u003cbirthDate\u003e | \u003cgender\u003e | \u003cdependsNumber\u003e | \u003cmarriedStatus\u003e | \u003caddress\u003e | \u003cfrecuencyPaid\u003e | \u003cincome\u003e | \u003coccupation\u003e | \u003cbankendMonths\u003e | \u003cjobMainActivity\u003e | \u003cdepartment\u003e | \u003cdistrict\u003e | \u003cresidentStatus\u003e | \u003cmonthsHome\u003e | \u003cemployStartDate\u003e | \u003cstore\u003e | \u003cstreetResidence\u003e | \u003creferenceResidence\u003e | \u003cresidenceStartDate\u003e|\nGiven the user into uat EMMA \"\u003ccountry\u003e\" with the credentials existent\nAnd select the country uat emma and select \"\u003cstore\u003e\"\nWhen admin user try to create new client aw\nWhen admin user enter basic information from the client aw"}