{"name":"2. Approved client in analysis AW","id":"emma-new-client-aw-uat;2.-approved-client-in-analysis-aw","scenarioId":"emma/aw/Regression:2. Approved client in analysis AW","methodName":"2. Approved client in analysis AW","testSteps":[{"number":1,"description":"1: 2. Approved client in analysis AW ({country\u003dAruba, documentId\u003d40.34.50.94, menu\u003dRequests Evaluation})","duration":225138,"startTime":"2024-02-23T13:08:34.557774-03:00[America/Santiago]","screenshots":[{"screenshot":"dc205a2f30f4237beac3dfd470d815e0554c9a8172e9df91e84dcdb61624aa5b.png","timeStamp":1708704739695,"screenshotName":"dc205a2f30f4237beac3dfd470d815e0554c9a8172e9df91e84dcdb61624aa5b.png"}],"result":"SUCCESS","precondition":false,"level":0,"lineNumber":28,"children":[{"number":2,"description":"Given User navigate into Workflow \"Aruba\" with the credentials","duration":34716,"startTime":"2024-02-23T13:08:34.565388-03:00[America/Santiago]","screenshots":[{"screenshot":"f1077c06f1ce807061ef29b24b250566980de20cbb0f216dd8a48bc4acedba18.png","htmlSource":"pagesource5745716130565197779.html","timeStamp":1708704514790,"screenshotName":"f1077c06f1ce807061ef29b24b250566980de20cbb0f216dd8a48bc4acedba18.png"},{"screenshot":"434b854e265031210bb46d00248276c8788004c12ba5e1e620a076af5d322cc2.png","timeStamp":1708704549281,"screenshotName":"434b854e265031210bb46d00248276c8788004c12ba5e1e620a076af5d322cc2.png"}],"result":"SUCCESS","precondition":false,"level":1,"children":[{"number":3,"description":"Admin navigate","duration":34478,"startTime":"2024-02-23T13:08:34.798186-03:00[America/Santiago]","screenshots":[{"screenshot":"f1077c06f1ce807061ef29b24b250566980de20cbb0f216dd8a48bc4acedba18.png","htmlSource":"pagesource2108395326189333507.html","timeStamp":1708704514809,"screenshotName":"f1077c06f1ce807061ef29b24b250566980de20cbb0f216dd8a48bc4acedba18.png"},{"screenshot":"434b854e265031210bb46d00248276c8788004c12ba5e1e620a076af5d322cc2.png","timeStamp":1708704549276,"screenshotName":"434b854e265031210bb46d00248276c8788004c12ba5e1e620a076af5d322cc2.png"}],"result":"SUCCESS","precondition":false,"level":2,"children":[{"number":4,"description":"admin opens the browser at https://workflow-uat.unicomer.com/ ","duration":7119,"startTime":"2024-02-23T13:08:34.810698-03:00[America/Santiago]","screenshots":[{"screenshot":"f1077c06f1ce807061ef29b24b250566980de20cbb0f216dd8a48bc4acedba18.png","htmlSource":"pagesource32490799483740060.html","timeStamp":1708704514822,"screenshotName":"f1077c06f1ce807061ef29b24b250566980de20cbb0f216dd8a48bc4acedba18.png"},{"screenshot":"cf10254a000ba36b0a4e8a9024d74699eada10760920f99995abc76f119e13a7.png","timeStamp":1708704521929,"screenshotName":"cf10254a000ba36b0a4e8a9024d74699eada10760920f99995abc76f119e13a7.png"}],"result":"SUCCESS","precondition":false,"level":3},{"number":5,"description":"admin clicks on BOTÓN LOGIN AD","duration":5129,"startTime":"2024-02-23T13:08:41.934340-03:00[America/Santiago]","screenshots":[{"screenshot":"cf10254a000ba36b0a4e8a9024d74699eada10760920f99995abc76f119e13a7.png","htmlSource":"pagesource2919324777499827279.html","timeStamp":1708704521960,"screenshotName":"cf10254a000ba36b0a4e8a9024d74699eada10760920f99995abc76f119e13a7.png"},{"screenshot":"f1077c06f1ce807061ef29b24b250566980de20cbb0f216dd8a48bc4acedba18.png","timeStamp":1708704527063,"screenshotName":"f1077c06f1ce807061ef29b24b250566980de20cbb0f216dd8a48bc4acedba18.png"}],"result":"SUCCESS","precondition":false,"level":3},{"number":6,"description":"admin enters \u0027digital_factory_emma_credit_analyst_aw@unicomer.com  \u0027 into ENTER THE USER","duration":4898,"startTime":"2024-02-23T13:08:47.067202-03:00[America/Santiago]","screenshots":[{"screenshot":"f1077c06f1ce807061ef29b24b250566980de20cbb0f216dd8a48bc4acedba18.png","htmlSource":"pagesource1838027570121462277.html","timeStamp":1708704530911,"screenshotName":"f1077c06f1ce807061ef29b24b250566980de20cbb0f216dd8a48bc4acedba18.png"},{"screenshot":"426f300cee7fc9f847c20a94da9892f61cdf5689abeb4262d6387a42de720874.png","timeStamp":1708704531965,"screenshotName":"426f300cee7fc9f847c20a94da9892f61cdf5689abeb4262d6387a42de720874.png"}],"result":"SUCCESS","precondition":false,"level":3},{"number":7,"description":"admin clicks on BUTTON SUBMIT","duration":1426,"startTime":"2024-02-23T13:08:51.969491-03:00[America/Santiago]","screenshots":[{"screenshot":"426f300cee7fc9f847c20a94da9892f61cdf5689abeb4262d6387a42de720874.png","htmlSource":"pagesource1470475132873554745.html","timeStamp":1708704531986,"screenshotName":"426f300cee7fc9f847c20a94da9892f61cdf5689abeb4262d6387a42de720874.png"},{"screenshot":"e7caf9d8bdda784474f98f2dfcff58033bcfe54af783f25cafcdf6e49ccbd8e8.png","timeStamp":1708704533396,"screenshotName":"e7caf9d8bdda784474f98f2dfcff58033bcfe54af783f25cafcdf6e49ccbd8e8.png"}],"result":"SUCCESS","precondition":false,"level":3},{"number":8,"description":"admin enters \u0027Aruba123\u0027 into ENTER THE PASSWORD","duration":1145,"startTime":"2024-02-23T13:08:53.399367-03:00[America/Santiago]","screenshots":[{"screenshot":"e7caf9d8bdda784474f98f2dfcff58033bcfe54af783f25cafcdf6e49ccbd8e8.png","htmlSource":"pagesource13784136229315666877.html","timeStamp":1708704534011,"screenshotName":"e7caf9d8bdda784474f98f2dfcff58033bcfe54af783f25cafcdf6e49ccbd8e8.png"},{"screenshot":"e0aca59c6abc7cd55f061911e8b9c9e864a2837e08b6db5a0e61792d9c5ed46b.png","timeStamp":1708704534544,"screenshotName":"e0aca59c6abc7cd55f061911e8b9c9e864a2837e08b6db5a0e61792d9c5ed46b.png"}],"result":"SUCCESS","precondition":false,"level":3},{"number":9,"description":"admin clicks on BUTTON SUBMIT","duration":7544,"startTime":"2024-02-23T13:08:54.547233-03:00[America/Santiago]","screenshots":[{"screenshot":"e0aca59c6abc7cd55f061911e8b9c9e864a2837e08b6db5a0e61792d9c5ed46b.png","htmlSource":"pagesource7974887861723911702.html","timeStamp":1708704534563,"screenshotName":"e0aca59c6abc7cd55f061911e8b9c9e864a2837e08b6db5a0e61792d9c5ed46b.png"},{"screenshot":"738373edd792c4fd39150ddf596b4171224336bc4edf55374665bc48fdf31048.png","timeStamp":1708704542092,"screenshotName":"738373edd792c4fd39150ddf596b4171224336bc4edf55374665bc48fdf31048.png"}],"result":"SUCCESS","precondition":false,"level":3},{"number":10,"description":"admin clicks on BUTTON NOT ACTIVE","duration":3992,"startTime":"2024-02-23T13:09:02.095551-03:00[America/Santiago]","screenshots":[{"screenshot":"738373edd792c4fd39150ddf596b4171224336bc4edf55374665bc48fdf31048.png","htmlSource":"pagesource1190453072886041899.html","timeStamp":1708704542126,"screenshotName":"738373edd792c4fd39150ddf596b4171224336bc4edf55374665bc48fdf31048.png"},{"screenshot":"434b854e265031210bb46d00248276c8788004c12ba5e1e620a076af5d322cc2.png","timeStamp":1708704546087,"screenshotName":"434b854e265031210bb46d00248276c8788004c12ba5e1e620a076af5d322cc2.png"}],"result":"SUCCESS","precondition":false,"level":3}]}]},{"number":11,"description":"Then Select \"Requests Evaluation\" menu in Workflow","duration":54008,"startTime":"2024-02-23T13:09:09.281821-03:00[America/Santiago]","screenshots":[{"screenshot":"434b854e265031210bb46d00248276c8788004c12ba5e1e620a076af5d322cc2.png","htmlSource":"pagesource9855245423825017314.html","timeStamp":1708704549303,"screenshotName":"434b854e265031210bb46d00248276c8788004c12ba5e1e620a076af5d322cc2.png"},{"screenshot":"457806e42e3f31bf8501ca9bc7a161b9c2ae4fc9887005ec3ba9e418d216cb11.png","timeStamp":1708704603290,"screenshotName":"457806e42e3f31bf8501ca9bc7a161b9c2ae4fc9887005ec3ba9e418d216cb11.png"}],"result":"SUCCESS","precondition":false,"level":1,"children":[{"number":12,"description":"Admin select menu","duration":53973,"startTime":"2024-02-23T13:09:09.309403-03:00[America/Santiago]","screenshots":[{"screenshot":"434b854e265031210bb46d00248276c8788004c12ba5e1e620a076af5d322cc2.png","htmlSource":"pagesource14234686140341632661.html","timeStamp":1708704549321,"screenshotName":"434b854e265031210bb46d00248276c8788004c12ba5e1e620a076af5d322cc2.png"},{"screenshot":"457806e42e3f31bf8501ca9bc7a161b9c2ae4fc9887005ec3ba9e418d216cb11.png","timeStamp":1708704603282,"screenshotName":"457806e42e3f31bf8501ca9bc7a161b9c2ae4fc9887005ec3ba9e418d216cb11.png"}],"result":"SUCCESS","precondition":false,"level":2,"children":[{"number":13,"description":"admin clicks on Menu Home Page","duration":30117,"startTime":"2024-02-23T13:09:09.322652-03:00[America/Santiago]","screenshots":[{"screenshot":"434b854e265031210bb46d00248276c8788004c12ba5e1e620a076af5d322cc2.png","htmlSource":"pagesource15527692855662859898.html","timeStamp":1708704549479,"screenshotName":"434b854e265031210bb46d00248276c8788004c12ba5e1e620a076af5d322cc2.png"},{"screenshot":"8ed9d1bd0658d43394ba5d36e16032e8334e1fac3f5255d3a1fde96b75ffba76.png","timeStamp":1708704579440,"screenshotName":"8ed9d1bd0658d43394ba5d36e16032e8334e1fac3f5255d3a1fde96b75ffba76.png"}],"result":"SUCCESS","precondition":false,"level":3},{"number":14,"description":"admin clicks on SelectMenu","duration":15743,"startTime":"2024-02-23T13:09:39.446900-03:00[America/Santiago]","screenshots":[{"screenshot":"8ed9d1bd0658d43394ba5d36e16032e8334e1fac3f5255d3a1fde96b75ffba76.png","htmlSource":"pagesource14393183933999385268.html","timeStamp":1708704579485,"screenshotName":"8ed9d1bd0658d43394ba5d36e16032e8334e1fac3f5255d3a1fde96b75ffba76.png"},{"screenshot":"462ab7b15828ce4bd8a4c6deea93eeb4ea641f00e3e9ef8809ff713f3377b505.png","timeStamp":1708704595190,"screenshotName":"462ab7b15828ce4bd8a4c6deea93eeb4ea641f00e3e9ef8809ff713f3377b505.png"}],"result":"SUCCESS","precondition":false,"level":3}]}]},{"number":15,"description":"When search client by document \"40.34.50.94\"","duration":25294,"startTime":"2024-02-23T13:10:03.292401-03:00[America/Santiago]","screenshots":[{"screenshot":"457806e42e3f31bf8501ca9bc7a161b9c2ae4fc9887005ec3ba9e418d216cb11.png","htmlSource":"pagesource2870311035165362109.html","timeStamp":1708704603324,"screenshotName":"457806e42e3f31bf8501ca9bc7a161b9c2ae4fc9887005ec3ba9e418d216cb11.png"},{"screenshot":"fbd9df46ed867322ac9400f991b376a6cdef0eace83405776ed8a575b1510c0d.png","timeStamp":1708704628586,"screenshotName":"fbd9df46ed867322ac9400f991b376a6cdef0eace83405776ed8a575b1510c0d.png"}],"result":"SUCCESS","precondition":false,"level":1,"children":[{"number":16,"description":"Admin search request evaluation","duration":25251,"startTime":"2024-02-23T13:10:03.330749-03:00[America/Santiago]","screenshots":[{"screenshot":"457806e42e3f31bf8501ca9bc7a161b9c2ae4fc9887005ec3ba9e418d216cb11.png","htmlSource":"pagesource8866391281670344639.html","timeStamp":1708704603541,"screenshotName":"457806e42e3f31bf8501ca9bc7a161b9c2ae4fc9887005ec3ba9e418d216cb11.png"},{"screenshot":"fbd9df46ed867322ac9400f991b376a6cdef0eace83405776ed8a575b1510c0d.png","timeStamp":1708704628582,"screenshotName":"fbd9df46ed867322ac9400f991b376a6cdef0eace83405776ed8a575b1510c0d.png"}],"result":"SUCCESS","precondition":false,"level":2,"children":[{"number":17,"description":"admin clicks on Document Type","duration":2820,"startTime":"2024-02-23T13:10:08.556138-03:00[America/Santiago]","screenshots":[{"screenshot":"457806e42e3f31bf8501ca9bc7a161b9c2ae4fc9887005ec3ba9e418d216cb11.png","htmlSource":"pagesource11300483254782266661.html","timeStamp":1708704608784,"screenshotName":"457806e42e3f31bf8501ca9bc7a161b9c2ae4fc9887005ec3ba9e418d216cb11.png"},{"screenshot":"6ee463c9ec0d2142597cb655f9c17ecd392955920dd30255ec28df50a067bd4f.png","timeStamp":1708704611376,"screenshotName":"6ee463c9ec0d2142597cb655f9c17ecd392955920dd30255ec28df50a067bd4f.png"}],"result":"SUCCESS","precondition":false,"level":3},{"number":18,"description":"admin enters \u002740.34.50.94\u0027 into Number DOI","duration":3102,"startTime":"2024-02-23T13:10:13.015413-03:00[America/Santiago]","screenshots":[{"screenshot":"a647bd915ccd1198e708bdc363097eb45f6c8b99b97d5770718a7a4ab85b1c3e.png","htmlSource":"pagesource5535980430223190760.html","timeStamp":1708704613620,"screenshotName":"a647bd915ccd1198e708bdc363097eb45f6c8b99b97d5770718a7a4ab85b1c3e.png"},{"screenshot":"55ae0726d8be6d8cb92f6ee765ea3f5a602ff9d175dd30c040eabe820d94e712.png","timeStamp":1708704616117,"screenshotName":"55ae0726d8be6d8cb92f6ee765ea3f5a602ff9d175dd30c040eabe820d94e712.png"}],"result":"SUCCESS","precondition":false,"level":3},{"number":19,"description":"admin clicks on Button Search","duration":3160,"startTime":"2024-02-23T13:10:16.121582-03:00[America/Santiago]","screenshots":[{"screenshot":"55ae0726d8be6d8cb92f6ee765ea3f5a602ff9d175dd30c040eabe820d94e712.png","htmlSource":"pagesource6549168792585917835.html","timeStamp":1708704616145,"screenshotName":"55ae0726d8be6d8cb92f6ee765ea3f5a602ff9d175dd30c040eabe820d94e712.png"},{"screenshot":"d1d98fbce55b0da403c73b87b728570fc9c53504660b8fb7eaecec539b2ab88a.png","timeStamp":1708704619281,"screenshotName":"d1d98fbce55b0da403c73b87b728570fc9c53504660b8fb7eaecec539b2ab88a.png"}],"result":"SUCCESS","precondition":false,"level":3},{"number":20,"description":"admin clicks on Button Search Request","duration":1254,"startTime":"2024-02-23T13:10:27.323884-03:00[America/Santiago]","screenshots":[{"screenshot":"8b0d7d5f7645884f93601d4f19a275fb45df9df5dc9d73a5f0b969add223c722.png","htmlSource":"pagesource6315735978780301764.html","timeStamp":1708704627525,"screenshotName":"8b0d7d5f7645884f93601d4f19a275fb45df9df5dc9d73a5f0b969add223c722.png"},{"screenshot":"fbd9df46ed867322ac9400f991b376a6cdef0eace83405776ed8a575b1510c0d.png","timeStamp":1708704628577,"screenshotName":"fbd9df46ed867322ac9400f991b376a6cdef0eace83405776ed8a575b1510c0d.png"}],"result":"SUCCESS","precondition":false,"level":3}]}]},{"number":21,"description":"When Approved client request with document \"40.34.50.94\"","duration":104028,"startTime":"2024-02-23T13:10:28.587243-03:00[America/Santiago]","screenshots":[{"screenshot":"fbd9df46ed867322ac9400f991b376a6cdef0eace83405776ed8a575b1510c0d.png","htmlSource":"pagesource15062534775088242007.html","timeStamp":1708704628605,"screenshotName":"fbd9df46ed867322ac9400f991b376a6cdef0eace83405776ed8a575b1510c0d.png"},{"screenshot":"dc205a2f30f4237beac3dfd470d815e0554c9a8172e9df91e84dcdb61624aa5b.png","timeStamp":1708704732615,"screenshotName":"dc205a2f30f4237beac3dfd470d815e0554c9a8172e9df91e84dcdb61624aa5b.png"}],"result":"SUCCESS","precondition":false,"level":1,"children":[{"number":22,"description":"Admin data approved client","duration":104000,"startTime":"2024-02-23T13:10:28.609296-03:00[America/Santiago]","screenshots":[{"screenshot":"fbd9df46ed867322ac9400f991b376a6cdef0eace83405776ed8a575b1510c0d.png","htmlSource":"pagesource12747794923693140373.html","timeStamp":1708704628627,"screenshotName":"fbd9df46ed867322ac9400f991b376a6cdef0eace83405776ed8a575b1510c0d.png"},{"screenshot":"dc205a2f30f4237beac3dfd470d815e0554c9a8172e9df91e84dcdb61624aa5b.png","timeStamp":1708704732609,"screenshotName":"dc205a2f30f4237beac3dfd470d815e0554c9a8172e9df91e84dcdb61624aa5b.png"}],"result":"SUCCESS","precondition":false,"level":2,"children":[{"number":23,"description":"admin enters \u0027TEST OK\u0027 into COMMENTS","duration":15189,"startTime":"2024-02-23T13:10:30.634188-03:00[America/Santiago]","screenshots":[{"screenshot":"866e95637cb3c7c74a8f306cbb55ebb7d4a556d17f706b764c0ae2cdd2de14ab.png","htmlSource":"pagesource17138848709320813556.html","timeStamp":1708704643090,"screenshotName":"866e95637cb3c7c74a8f306cbb55ebb7d4a556d17f706b764c0ae2cdd2de14ab.png"},{"screenshot":"963897fb8eb01dd85cb87c0315593bd1c485e6908e9280eebfb1e29cae211018.png","timeStamp":1708704645823,"screenshotName":"963897fb8eb01dd85cb87c0315593bd1c485e6908e9280eebfb1e29cae211018.png"}],"result":"SUCCESS","precondition":false,"level":3},{"number":24,"description":"admin clicks on Button Save","duration":1543,"startTime":"2024-02-23T13:10:45.828599-03:00[America/Santiago]","screenshots":[{"screenshot":"963897fb8eb01dd85cb87c0315593bd1c485e6908e9280eebfb1e29cae211018.png","htmlSource":"pagesource6859028853482960689.html","timeStamp":1708704645865,"screenshotName":"963897fb8eb01dd85cb87c0315593bd1c485e6908e9280eebfb1e29cae211018.png"},{"screenshot":"139d0a715a10b07780da5ef12be85256f16768fc3d870d34673d506b27171834.png","timeStamp":1708704647372,"screenshotName":"139d0a715a10b07780da5ef12be85256f16768fc3d870d34673d506b27171834.png"}],"result":"SUCCESS","precondition":false,"level":3},{"number":25,"description":"admin clicks on Section Resolution","duration":2196,"startTime":"2024-02-23T13:10:56.535190-03:00[America/Santiago]","screenshots":[{"screenshot":"08123bfb5f09af1cdccb7be80e2c206a1a56f6bf8d697d18eff7143e2c647afc.png","htmlSource":"pagesource7522876875573963815.html","timeStamp":1708704656722,"screenshotName":"08123bfb5f09af1cdccb7be80e2c206a1a56f6bf8d697d18eff7143e2c647afc.png"},{"screenshot":"e304d569254a9ee7843838964349c5ea0154d880340307ef652706d62013dd73.png","timeStamp":1708704658731,"screenshotName":"e304d569254a9ee7843838964349c5ea0154d880340307ef652706d62013dd73.png"}],"result":"SUCCESS","precondition":false,"level":3},{"number":26,"description":"admin clicks on DRP NEW STATE","duration":2603,"startTime":"2024-02-23T13:10:59.742393-03:00[America/Santiago]","screenshots":[{"screenshot":"27494252194f4c2cd0c856421c07f4a3e1d2580ed984bf0db6cfa20bf6725c07.png","htmlSource":"pagesource3304123059075606063.html","timeStamp":1708704660416,"screenshotName":"27494252194f4c2cd0c856421c07f4a3e1d2580ed984bf0db6cfa20bf6725c07.png"},{"screenshot":"bef536594eac1ffba019b4029f7209c5e24eebef5409f4b5140641f60a6d5729.png","timeStamp":1708704662346,"screenshotName":"bef536594eac1ffba019b4029f7209c5e24eebef5409f4b5140641f60a6d5729.png"}],"result":"SUCCESS","precondition":false,"level":3},{"number":27,"description":"admin clicks on DRP SUB STATE","duration":1352,"startTime":"2024-02-23T13:11:03.255131-03:00[America/Santiago]","screenshots":[{"screenshot":"3c6cadecd9704210656e408491f325645475b5708d68d091d8ecb0bc0cbe5b83.png","htmlSource":"pagesource7303444079744903518.html","timeStamp":1708704663460,"screenshotName":"3c6cadecd9704210656e408491f325645475b5708d68d091d8ecb0bc0cbe5b83.png"},{"screenshot":"3d14457faff0d5bab7a14fb9d699ab7678613b0665a6523348d4e40f165c1487.png","timeStamp":1708704664607,"screenshotName":"3d14457faff0d5bab7a14fb9d699ab7678613b0665a6523348d4e40f165c1487.png"}],"result":"SUCCESS","precondition":false,"level":3},{"number":28,"description":"admin enters \u0027TEST OK\u0027 into COMMENTS","duration":978,"startTime":"2024-02-23T13:11:05.291018-03:00[America/Santiago]","screenshots":[{"screenshot":"a8ac94c114015ba6bd68536b207dd28b7afd26638ce76dc4ad2822ee856234d9.png","htmlSource":"pagesource12541310415579817526.html","timeStamp":1708704665499,"screenshotName":"a8ac94c114015ba6bd68536b207dd28b7afd26638ce76dc4ad2822ee856234d9.png"},{"screenshot":"e8157c338036dc612fa2a1f4a6e13c194d714416ea73d5df3e438e4774a942b4.png","timeStamp":1708704666269,"screenshotName":"e8157c338036dc612fa2a1f4a6e13c194d714416ea73d5df3e438e4774a942b4.png"}],"result":"SUCCESS","precondition":false,"level":3},{"number":29,"description":"admin clicks on BUTTON SAVE RESOLUTION","duration":2074,"startTime":"2024-02-23T13:11:06.272612-03:00[America/Santiago]","screenshots":[{"screenshot":"e8157c338036dc612fa2a1f4a6e13c194d714416ea73d5df3e438e4774a942b4.png","htmlSource":"pagesource16592271197805403110.html","timeStamp":1708704666289,"screenshotName":"e8157c338036dc612fa2a1f4a6e13c194d714416ea73d5df3e438e4774a942b4.png"},{"screenshot":"ed25812a4e5796995342cf2e6ab31e047bcbc8b1f8e6660c23596eba763cb22e.png","timeStamp":1708704668346,"screenshotName":"ed25812a4e5796995342cf2e6ab31e047bcbc8b1f8e6660c23596eba763cb22e.png"}],"result":"SUCCESS","precondition":false,"level":3},{"number":30,"description":"admin clicks on BUTTON ACCEPT","duration":1148,"startTime":"2024-02-23T13:11:15.366254-03:00[America/Santiago]","screenshots":[{"screenshot":"bbd9e598a9f86a555342178d5ad8dc48d92113380123b20f4c27f6e118a1cf64.png","htmlSource":"pagesource7957823600046762782.html","timeStamp":1708704675570,"screenshotName":"bbd9e598a9f86a555342178d5ad8dc48d92113380123b20f4c27f6e118a1cf64.png"},{"screenshot":"0ddf7b1a7f879f729c709f23b7c82134eeaae0c1949ea59fe7d2feb5272ad93d.png","timeStamp":1708704676515,"screenshotName":"0ddf7b1a7f879f729c709f23b7c82134eeaae0c1949ea59fe7d2feb5272ad93d.png"}],"result":"SUCCESS","precondition":false,"level":3},{"number":31,"description":"admin clicks on BUTTON ACCEPT","duration":3022,"startTime":"2024-02-23T13:11:26.161109-03:00[America/Santiago]","screenshots":[{"screenshot":"20e8bae363599089ccfbe69eb41056edfebd1b9620a01c824ea265f5aa6befb1.png","htmlSource":"pagesource6160579598542673072.html","timeStamp":1708704686376,"screenshotName":"20e8bae363599089ccfbe69eb41056edfebd1b9620a01c824ea265f5aa6befb1.png"},{"screenshot":"d617e4a95dad9226043c4861444e74fabde8ae18c53fbceacf74f796d135d2a3.png","timeStamp":1708704689183,"screenshotName":"d617e4a95dad9226043c4861444e74fabde8ae18c53fbceacf74f796d135d2a3.png"}],"result":"SUCCESS","precondition":false,"level":3},{"number":32,"description":"admin clicks on DRP NEW STATE","duration":2828,"startTime":"2024-02-23T13:11:36.236476-03:00[America/Santiago]","screenshots":[{"screenshot":"d617e4a95dad9226043c4861444e74fabde8ae18c53fbceacf74f796d135d2a3.png","htmlSource":"pagesource16636567070330339606.html","timeStamp":1708704696459,"screenshotName":"d617e4a95dad9226043c4861444e74fabde8ae18c53fbceacf74f796d135d2a3.png"},{"screenshot":"7fc7c8ce07230cc256c8156b5eda3dd74cfe9c44c0ad81ff335317f1749b2539.png","timeStamp":1708704699065,"screenshotName":"7fc7c8ce07230cc256c8156b5eda3dd74cfe9c44c0ad81ff335317f1749b2539.png"}],"result":"SUCCESS","precondition":false,"level":3},{"number":33,"description":"admin clicks on DRP SUB STATE","duration":699,"startTime":"2024-02-23T13:11:40.682873-03:00[America/Santiago]","screenshots":[{"screenshot":"65ca93b012230726967e514001038e2a0169007b74d29215c23f409d230256d8.png","htmlSource":"pagesource10704681617838324770.html","timeStamp":1708704701014,"screenshotName":"65ca93b012230726967e514001038e2a0169007b74d29215c23f409d230256d8.png"},{"screenshot":"2699135e9356389809e8887f0b8d99920a3e1d68e2a16c60e93a84f037d5c9c9.png","timeStamp":1708704701382,"screenshotName":"2699135e9356389809e8887f0b8d99920a3e1d68e2a16c60e93a84f037d5c9c9.png"}],"result":"SUCCESS","precondition":false,"level":3},{"number":34,"description":"admin enters \u0027TEST OK\u0027 into COMMENTS","duration":697,"startTime":"2024-02-23T13:11:42.248180-03:00[America/Santiago]","screenshots":[{"screenshot":"67ac83865c9e3f45439f91dbfc6abf1dffde0e58ccba7f001f7ff4f8ff8291ea.png","htmlSource":"pagesource959657145007665241.html","timeStamp":1708704702461,"screenshotName":"67ac83865c9e3f45439f91dbfc6abf1dffde0e58ccba7f001f7ff4f8ff8291ea.png"},{"screenshot":"c3f365d9e04b8c27b31e8703c52514e25bd0a36f0dbc7eec86e5e6e6e8ff0b41.png","timeStamp":1708704702945,"screenshotName":"c3f365d9e04b8c27b31e8703c52514e25bd0a36f0dbc7eec86e5e6e6e8ff0b41.png"}],"result":"SUCCESS","precondition":false,"level":3},{"number":35,"description":"admin clicks on BUTTON SAVE RESOLUTION","duration":1463,"startTime":"2024-02-23T13:11:42.948274-03:00[America/Santiago]","screenshots":[{"screenshot":"c3f365d9e04b8c27b31e8703c52514e25bd0a36f0dbc7eec86e5e6e6e8ff0b41.png","htmlSource":"pagesource17232057011465674961.html","timeStamp":1708704702967,"screenshotName":"c3f365d9e04b8c27b31e8703c52514e25bd0a36f0dbc7eec86e5e6e6e8ff0b41.png"},{"screenshot":"95ff51af505dc2d236f8df1878a44a31e3349d2c8ce837d89d07edcc66dfcaab.png","timeStamp":1708704704411,"screenshotName":"95ff51af505dc2d236f8df1878a44a31e3349d2c8ce837d89d07edcc66dfcaab.png"}],"result":"SUCCESS","precondition":false,"level":3},{"number":36,"description":"admin clicks on BUTTON ACCEPT","duration":856,"startTime":"2024-02-23T13:11:51.442059-03:00[America/Santiago]","screenshots":[{"screenshot":"5bb1fb070c71822a26fc6918bf5f4b4a2cda69cf77f9d2fc7d89d7bc8e9d0b38.png","htmlSource":"pagesource13981078727469345602.html","timeStamp":1708704711649,"screenshotName":"5bb1fb070c71822a26fc6918bf5f4b4a2cda69cf77f9d2fc7d89d7bc8e9d0b38.png"},{"screenshot":"b71f641f7bc1a2a39ef619dbcdc30892eed2d066801ef47ad7543751c422e68f.png","timeStamp":1708704712298,"screenshotName":"b71f641f7bc1a2a39ef619dbcdc30892eed2d066801ef47ad7543751c422e68f.png"}],"result":"SUCCESS","precondition":false,"level":3},{"number":37,"description":"admin clicks on BUTTON ACCEPT","duration":671,"startTime":"2024-02-23T13:12:04.654058-03:00[America/Santiago]","screenshots":[{"screenshot":"e69245065ceece994dd176ab45b001972898ab99dba93ca42cffec881cd2ba98.png","htmlSource":"pagesource4708605023976836030.html","timeStamp":1708704724855,"screenshotName":"e69245065ceece994dd176ab45b001972898ab99dba93ca42cffec881cd2ba98.png"},{"screenshot":"ab2b9322f32945d76197b0c1d30e2f6d7010db3a93eba8f788f2c63ac7fcb907.png","timeStamp":1708704725324,"screenshotName":"ab2b9322f32945d76197b0c1d30e2f6d7010db3a93eba8f788f2c63ac7fcb907.png"}],"result":"SUCCESS","precondition":false,"level":3}]}]}]}],"userStory":{"id":"emma/aw/Regression","storyName":"Emma New client AW uat","displayName":"Emma New client AW uat","path":"emma/aw/Regression","pathElements":[{"name":"emma","description":""},{"name":"aw","description":""},{"name":"Regression","description":""}],"type":"feature"},"title":"2. Approved client in analysis AW","description":"","tags":[{"name":"RequestTracking","type":"tag","displayName":"RequestTracking"},{"name":"FlowEmmaAw","type":"tag","displayName":"FlowEmmaAw"}],"startTime":"2024-02-23T13:08:34.556793-03:00[America/Santiago]","duration":5341,"projectKey":"","driver":"chrome","isManualTestingUpToDate":false,"dataTable":{"headers":["country","documentId","menu"],"rows":[{"values":["Aruba","40.34.50.94","Requests Evaluation"],"lineNumber":28,"result":"SUCCESS"}],"predefinedRows":true,"scenarioOutline":"Given User navigate into Workflow \"\u003ccountry\u003e\" with the credentials\n\rThen Select \"\u003cmenu\u003e\" menu in Workflow\n\rWhen search client by document \"\u003cdocumentId\u003e\"\n\rWhen Approved client request with document \"\u003cdocumentId\u003e\"\n\r","dataSetDescriptors":[{"startRow":0,"rowCount":0,"name":"","description":""}]},"manual":false,"testSource":"Cucumber","actors":[{"name":"admin","can":["browse the web"]}],"order":0,"result":"SUCCESS","scenarioOutline":"Given User navigate into Workflow \"\u003ccountry\u003e\" with the credentials\nThen Select \"\u003cmenu\u003e\" menu in Workflow\nWhen search client by document \"\u003cdocumentId\u003e\"\nWhen Approved client request with document \"\u003cdocumentId\u003e\""}